collected_at,tuerkheim_q_m3s,tuerkheim_time,oberhausen_q_m3s,oberhausen_q_time,oberhausen_w_cm,oberhausen_w_time,rain_kempten_mm,rain_marktoberdorf_mm,rain_augsburg_mm,temp_kempten_c,forecast_rain_kempten_24h_mm,forecast_rain_kempten_6h_mm,biessenhofen_q_m3s,biessenhofen_q_time,biessenhofen_w_cm,biessenhofen_w_time,gruentensee_w_mnn,gruentensee_w_time,rain_oberjoch_mm,rain_kaufbeuren_mm,temp_oberjoch_c,forecast_rain_oberjoch_24h_mm,forecast_rain_oberjoch_6h_mm
2026-05-13T20:32:49.834416+00:00,,,,,,,0.0,0.0,0.0,8.8,7.2,0.3,,,,,,,,,,,
2026-05-13T20:46:29.812731+00:00,6.95,2026-05-13T22:30:00,3.8,2026-05-13T22:30:00,56.0,2026-05-13T22:30:00,0.0,0.0,0.0,8.7,7.2,0.3,,,,,,,,,,,
2026-05-13T21:59:32.219002+00:00,5.93,2026-05-13T23:45:00,3.8,2026-05-13T23:45:00,56.0,2026-05-13T23:45:00,0.0,0.0,0.2,8.5,7.2,1.2,,,,,,,,,,,
2026-05-13T23:14:30.601787+00:00,5.32,2026-05-14T01:00:00,3.8,2026-05-14T01:00:00,56.0,2026-05-14T01:00:00,0.0,0.0,0.3,7.8,6.8,3.5,,,,,,,,,,,
2026-05-14T00:17:40.247491+00:00,5.03,2026-05-14T02:00:00,3.62,2026-05-14T02:15:00,55.0,2026-05-14T02:15:00,0.4,0.1,0.0,7.1,6.8,3.5,,,,,,,,,,,
2026-05-14T04:28:04.239126+00:00,5.93,2026-05-14T06:15:00,3.8,2026-05-14T06:15:00,56.0,2026-05-14T06:15:00,0.1,0.0,0.0,5.8,2.9,2.6999999999999997,,,,,,,,,,,
2026-05-14T07:30:16.284754+00:00,10.9,2026-05-14T09:15:00,3.8,2026-05-14T09:15:00,56.0,2026-05-14T09:15:00,0.0,0.0,0.0,6.8,0.5,0.4,,,,,,,,,,,
2026-05-14T09:57:41.415979+00:00,9.19,2026-05-14T11:45:00,3.8,2026-05-14T11:45:00,56.0,2026-05-14T11:45:00,0.0,0.0,0.0,8.1,0.30000000000000004,0.2,,,,,,,,,,,
2026-05-14T11:55:46.593245+00:00,7.66,2026-05-14T13:45:00,3.8,2026-05-14T13:45:00,56.0,2026-05-14T13:45:00,0.0,0.0,0.0,10.0,0.4,0.30000000000000004,,,,,,,,,,,
2026-05-14T14:10:24.758923+00:00,,,,,,,0.0,0.0,0.2,9.2,0.2,0.2,,,,,,,,,,,
2026-05-14T16:22:11.834219+00:00,7.66,2026-05-14T18:15:00,3.8,2026-05-14T18:15:00,56.0,2026-05-14T18:15:00,0.0,0.0,0.0,8.8,0.1,0.0,,,,,,,,,,,
2026-05-14T18:15:51.803265+00:00,6.95,2026-05-14T20:00:00,3.8,2026-05-14T20:00:00,56.0,2026-05-14T20:00:00,0.0,0.0,0.0,7.8,2.2,0.0,,,,,,,,,,,
2026-05-14T20:13:44.851936+00:00,6.58,2026-05-14T22:00:00,3.8,2026-05-14T22:00:00,56.0,2026-05-14T22:00:00,0.0,0.0,0.0,7.0,5.6000000000000005,0.6,,,,,,,,,,,
2026-05-14T21:37:57.530851+00:00,6.58,2026-05-14T23:30:00,3.8,2026-05-14T23:30:00,56.0,2026-05-14T23:30:00,0.0,0.0,0.0,6.2,7.7,0.6,,,,,,,,,,,
2026-05-14T22:41:21.467264+00:00,6.58,2026-05-15T00:30:00,3.8,2026-05-15T00:30:00,56.0,2026-05-15T00:30:00,0.0,0.0,0.0,5.9,7.8,0.0,,,,,,,,,,,
2026-05-14T23:37:55.552495+00:00,6.58,2026-05-15T01:30:00,3.8,2026-05-15T01:30:00,56.0,2026-05-15T01:30:00,0.0,0.0,0.0,5.4,7.8,0.0,,,,,,,,,,,
2026-05-15T01:30:48.814101+00:00,6.58,2026-05-15T03:15:00,3.8,2026-05-15T03:15:00,56.0,2026-05-15T03:15:00,0.0,0.0,0.0,3.9,10.9,0.0,,,,,,,,,,,
2026-05-15T05:39:52.110841+00:00,5.32,2026-05-15T07:30:00,3.8,2026-05-15T07:30:00,56.0,2026-05-15T07:30:00,0.0,0.0,0.0,4.3,13.2,0.0,,,,,,,,,,,
2026-05-15T08:30:42.548880+00:00,5.93,2026-05-15T10:15:00,3.8,2026-05-15T10:15:00,56.0,2026-05-15T10:15:00,0.0,0.0,0.0,9.1,18.8,0.1,,,,,,,,,,,
2026-05-15T11:05:54.040765+00:00,5.62,2026-05-15T13:00:00,3.8,2026-05-15T13:00:00,56.0,2026-05-15T13:00:00,0.0,0.0,0.0,10.8,18.1,10.1,,,,,,,,,,,
2026-05-15T13:04:31.066933+00:00,5.93,2026-05-15T15:00:00,3.8,2026-05-15T15:00:00,56.0,2026-05-15T15:00:00,1.2,1.2,0.0,7.4,18.1,10.3,,,,,,,,,,,
2026-05-15T15:29:33.096029+00:00,6.58,2026-05-15T17:15:00,3.8,2026-05-15T17:15:00,56.0,2026-05-15T17:15:00,0.8,0.1,0.0,7.0,9.7,8.0,,,,,,,,,,,
2026-05-15T17:12:03.967052+00:00,6.95,2026-05-15T19:00:00,3.8,2026-05-15T19:00:00,56.0,2026-05-15T19:00:00,0.1,0.0,0.0,7.1,13.0,8.5,,,,,,,,,,,
2026-05-15T18:55:06.144706+00:00,6.95,2026-05-15T20:45:00,3.8,2026-05-15T20:45:00,56.0,2026-05-15T20:45:00,0.9,0.0,0.0,5.2,11.5,8.1,,,,,,,,,,,
2026-05-15T20:16:01.249344+00:00,6.95,2026-05-15T22:00:00,3.8,2026-05-15T22:00:00,56.0,2026-05-15T22:00:00,0.2,0.5,0.3,4.2,5.4,4.4,,,,,,,,,,,
2026-05-15T21:33:39.405079+00:00,6.58,2026-05-15T23:30:00,3.8,2026-05-15T23:30:00,56.0,2026-05-15T23:30:00,0.0,0.3,0.0,3.9,4.7,3.4,,,,,,,,,,,
2026-05-15T22:37:47.699417+00:00,6.58,2026-05-16T00:30:00,3.8,2026-05-16T00:30:00,56.0,2026-05-16T00:30:00,0.1,0.0,0.1,4.4,3.6,1.0,,,,,,,,,,,
2026-05-15T23:38:24.016044+00:00,6.58,2026-05-16T01:30:00,3.8,2026-05-16T01:30:00,56.0,2026-05-16T01:30:00,0.2,0.2,0.0,4.4,3.6,1.0,,,,,,,,,,,
2026-05-16T01:24:13.984603+00:00,6.25,2026-05-16T03:15:00,3.8,2026-05-16T03:15:00,56.0,2026-05-16T03:15:00,0.1,0.3,0.0,3.9,3.6,1.1,,,,,,,,,,,
2026-05-16T04:51:08.253153+00:00,6.95,2026-05-16T06:45:00,3.8,2026-05-16T06:45:00,56.0,2026-05-16T06:45:00,0.1,0.0,0.0,3.4,3.9,1.6,,,,,,,,,,,
2026-05-16T07:13:46.224044+00:00,6.95,2026-05-16T09:00:00,3.8,2026-05-16T09:00:00,56.0,2026-05-16T09:00:00,0.0,0.0,0.0,6.0,3.3,0.1,,,,,,,,,,,
2026-05-16T09:03:10.476713+00:00,6.95,2026-05-16T10:45:00,3.8,2026-05-16T10:45:00,56.0,2026-05-16T10:45:00,0.0,0.0,0.0,7.8,0.7,0.30000000000000004,,,,,,,,,,,
2026-05-16T10:38:01.751484+00:00,6.95,2026-05-16T12:30:00,3.8,2026-05-16T12:30:00,56.0,2026-05-16T12:30:00,0.0,0.2,0.0,7.6,0.7,0.6,,,,,,,,,,,
2026-05-16T11:36:46.812974+00:00,6.95,2026-05-16T13:30:00,3.8,2026-05-16T13:30:00,56.0,2026-05-16T13:30:00,0.0,0.0,0.1,10.3,0.7,0.0,,,,,,,,,,,
2026-05-16T12:45:10.230435+00:00,6.95,2026-05-16T14:30:00,3.8,2026-05-16T14:30:00,56.0,2026-05-16T14:30:00,0.0,0.0,0.6,9.2,0.7,0.6,,,,,,,,,,,
2026-05-16T14:12:17.582402+00:00,6.58,2026-05-16T16:00:00,3.8,2026-05-16T16:00:00,56.0,2026-05-16T16:00:00,1.3,1.7,0.0,6.3,3.9,3.3,,,,,,,,,,,
2026-05-16T15:17:07.941454+00:00,6.58,2026-05-16T17:00:00,3.8,2026-05-16T17:00:00,56.0,2026-05-16T17:00:00,0.0,0.0,0.0,9.6,3.9,3.8,,,,,,,,,,,
2026-05-16T16:28:19.035303+00:00,6.25,2026-05-16T18:15:00,3.8,2026-05-16T18:15:00,56.0,2026-05-16T18:15:00,0.0,0.0,0.0,9.1,3.9,3.9,,,,,,,,,,,
2026-05-16T17:31:19.315825+00:00,5.93,2026-05-16T19:15:00,3.8,2026-05-16T19:15:00,56.0,2026-05-16T19:15:00,0.1,0.0,0.0,7.0,4.2,4.1,,,,,,,,,,,
2026-05-16T18:40:00.309798+00:00,5.93,2026-05-16T20:30:00,3.8,2026-05-16T20:30:00,56.0,2026-05-16T20:30:00,0.2,0.2,0.0,5.5,3.9,3.8,,,,,,,,,,,
2026-05-16T19:47:44.739343+00:00,5.93,2026-05-16T21:30:00,3.62,2026-05-16T21:45:00,55.0,2026-05-16T21:45:00,0.0,0.0,0.0,6.6,1.4,1.4,,,,,,,,,,,
2026-05-16T20:43:43.953450+00:00,5.93,2026-05-16T22:30:00,3.8,2026-05-16T22:30:00,56.0,2026-05-16T22:30:00,0.0,0.0,0.0,5.8,1.2,1.2,,,,,,,,,,,
2026-05-16T21:35:31.307372+00:00,5.62,2026-05-16T23:30:00,3.8,2026-05-16T23:30:00,56.0,2026-05-16T23:30:00,0.0,0.0,0.0,5.2,0.0,0.0,,,,,,,,,,,
2026-05-16T22:29:21.163600+00:00,5.93,2026-05-17T00:15:00,3.8,2026-05-17T00:15:00,56.0,2026-05-17T00:15:00,0.0,0.0,0.0,5.2,0.0,0.0,,,,,,,,,,,
2026-05-16T23:31:17.896895+00:00,12.7,2026-05-17T01:15:00,3.8,2026-05-17T01:15:00,56.0,2026-05-17T01:15:00,0.0,0.0,0.0,4.2,0.0,0.0,,,,,,,,,,,
2026-05-17T01:30:43.622759+00:00,7.99,2026-05-17T03:15:00,3.8,2026-05-17T03:15:00,56.0,2026-05-17T03:15:00,0.0,0.0,0.0,2.9,0.0,0.0,,,,,,,,,,,
2026-05-17T05:34:36.529274+00:00,6.58,2026-05-17T07:30:00,3.8,2026-05-17T07:30:00,56.0,2026-05-17T07:30:00,0.0,0.0,0.0,3.9,0.1,0.0,,,,,,,,,,,
2026-05-17T08:00:42.383838+00:00,8.79,2026-05-17T09:45:00,3.8,2026-05-17T09:45:00,56.0,2026-05-17T09:45:00,0.0,0.0,0.0,9.8,0.0,0.0,,,,,,,,,,,
2026-05-17T09:59:48.876001+00:00,8.39,2026-05-17T11:45:00,3.8,2026-05-17T11:45:00,56.0,2026-05-17T11:45:00,0.0,0.0,0.0,11.2,0.0,0.0,,,,,,,,,,,
2026-05-17T11:18:58.331303+00:00,7.66,2026-05-17T13:15:00,3.8,2026-05-17T13:15:00,56.0,2026-05-17T13:15:00,0.0,0.0,0.0,12.4,0.0,0.0,,,,,,,,,,,
2026-05-17T12:11:05.817946+00:00,7.66,2026-05-17T14:00:00,3.8,2026-05-17T14:00:00,56.0,2026-05-17T14:00:00,0.0,0.0,0.0,12.2,0.0,0.0,,,,,,,,,,,
2026-05-17T13:57:36.437669+00:00,7.27,2026-05-17T15:45:00,3.8,2026-05-17T15:45:00,56.0,2026-05-17T15:45:00,0.0,0.0,0.0,14.0,0.0,0.0,,,,,,,,,,,
2026-05-17T15:01:07.665640+00:00,6.95,2026-05-17T16:45:00,3.8,2026-05-17T16:45:00,56.0,2026-05-17T16:45:00,0.0,0.0,0.0,14.1,0.1,0.0,,,,,,,,,,,
2026-05-17T16:11:30.277383+00:00,6.95,2026-05-17T18:00:00,3.8,2026-05-17T18:00:00,56.0,2026-05-17T18:00:00,0.0,0.0,0.0,13.9,0.2,0.0,,,,,,,,,,,
2026-05-17T17:14:55.448052+00:00,6.95,2026-05-17T19:00:00,3.8,2026-05-17T19:00:00,56.0,2026-05-17T19:00:00,0.0,0.0,0.0,13.6,0.0,0.0,,,,,,,,,,,
2026-05-17T18:12:35.532734+00:00,6.95,2026-05-17T20:00:00,3.8,2026-05-17T20:00:00,56.0,2026-05-17T20:00:00,0.0,0.0,0.0,12.6,0.0,0.0,,,,,,,,,,,
2026-05-17T19:37:39.360770+00:00,6.95,2026-05-17T21:30:00,3.8,2026-05-17T21:30:00,56.0,2026-05-17T21:30:00,0.0,0.0,0.0,9.8,0.2,0.0,,,,,,,,,,,
2026-05-17T20:30:41.127867+00:00,6.25,2026-05-17T22:15:00,3.8,2026-05-17T22:15:00,56.0,2026-05-17T22:15:00,0.0,0.0,0.0,7.3,0.2,0.0,,,,,,,,,,,
2026-05-17T21:38:44.556812+00:00,6.25,2026-05-17T23:30:00,3.8,2026-05-17T23:30:00,56.0,2026-05-17T23:30:00,0.0,0.0,0.0,6.3,0.6000000000000001,0.0,,,,,,,,,,,
2026-05-17T22:36:57.943228+00:00,6.25,2026-05-18T00:30:00,3.8,2026-05-18T00:30:00,56.0,2026-05-18T00:30:00,0.0,0.0,0.0,6.4,0.9,0.0,,,,,,,,,,,
2026-05-17T23:41:38.299893+00:00,6.25,2026-05-18T01:30:00,3.8,2026-05-18T01:30:00,56.0,2026-05-18T01:30:00,0.0,0.0,0.0,4.9,3.2,0.0,,,,,,,,,,,
2026-05-18T01:50:19.030861+00:00,5.62,2026-05-18T03:45:00,3.8,2026-05-18T03:45:00,56.0,2026-05-18T03:45:00,0.0,0.0,0.0,3.5,2.4,0.0,,,,,,,,,,,
2026-05-18T06:13:14.088810+00:00,6.95,2026-05-18T08:00:00,3.8,2026-05-18T08:00:00,56.0,2026-05-18T08:00:00,0.0,0.0,0.0,7.9,3.3,0.0,,,,,,,,,,,
2026-05-18T10:42:00.389319+00:00,5.62,2026-05-18T12:30:00,3.8,2026-05-18T12:30:00,56.0,2026-05-18T12:30:00,0.0,0.0,0.0,16.0,0.9,0.0,,,,,,,,,,,
2026-05-18T14:19:08.936687+00:00,5.03,2026-05-18T16:15:00,3.8,2026-05-18T16:15:00,56.0,2026-05-18T16:15:00,0.0,0.2,0.0,14.0,0.8,0.2,,,,,,,,,,,
2026-05-18T17:16:46.103616+00:00,6.58,2026-05-18T19:00:00,3.8,2026-05-18T19:00:00,56.0,2026-05-18T19:00:00,0.0,0.0,0.0,9.9,2.9000000000000004,2.9000000000000004,,,,,,,,,,,
2026-05-18T19:11:29.741389+00:00,7.66,2026-05-18T21:00:00,3.8,2026-05-18T21:00:00,56.0,2026-05-18T21:00:00,0.0,0.0,0.0,9.3,1.8,1.8,,,,,,,,,,,
2026-05-18T20:46:25.893135+00:00,7.27,2026-05-18T22:30:00,3.8,2026-05-18T22:30:00,56.0,2026-05-18T22:30:00,0.0,0.0,0.0,7.0,0.2,0.2,,,,,,,,,,,
2026-05-18T22:01:10.952262+00:00,14.1,2026-05-18T23:45:00,3.8,2026-05-18T23:45:00,56.0,2026-05-18T23:45:00,0.0,0.0,0.0,6.2,0.5,0.0,,,,,,,,,,,
2026-05-18T23:18:50.467441+00:00,12.7,2026-05-19T01:15:00,3.62,2026-05-19T01:15:00,55.0,2026-05-19T01:15:00,0.0,0.0,0.0,5.9,0.2,0.0,,,,,,,,,,,
2026-05-19T01:28:38.246456+00:00,9.55,2026-05-19T03:15:00,3.8,2026-05-19T03:15:00,56.0,2026-05-19T03:15:00,0.0,0.0,0.0,4.8,0.2,0.0,,,,,,,,,,,
2026-05-19T05:43:16.694238+00:00,11.7,2026-05-19T07:30:00,3.8,2026-05-19T07:30:00,56.0,2026-05-19T07:30:00,0.0,0.0,0.0,5.7,0.6000000000000001,0.0,,,,,,,,,,,
2026-05-19T08:48:23.271648+00:00,18.2,2026-05-19T10:30:00,3.8,2026-05-19T10:30:00,56.0,2026-05-19T10:30:00,0.0,0.0,0.0,12.7,0.8,0.0,,,,,,,,,,,
2026-05-19T12:09:15.904880+00:00,10.4,2026-05-19T14:00:00,3.8,2026-05-19T14:00:00,56.0,2026-05-19T14:00:00,0.0,0.0,0.0,16.1,1.1,0.0,,,,,,,,,,,
2026-05-19T15:48:46.166169+00:00,12.7,2026-05-19T17:45:00,3.8,2026-05-19T17:45:00,56.0,2026-05-19T17:45:00,0.0,0.0,0.0,15.9,1.3,0.0,,,,,,,,,,,
2026-05-19T18:04:27.596721+00:00,10.9,2026-05-19T20:00:00,3.62,2026-05-19T20:00:00,55.0,2026-05-19T20:00:00,0.0,0.0,0.0,14.3,1.1,0.1,,,,,,,,,,,
2026-05-19T20:03:55.783783+00:00,9.19,2026-05-19T22:00:00,3.62,2026-05-19T22:00:00,55.0,2026-05-19T22:00:00,0.0,0.0,0.0,12.3,2.0,0.0,,,,,,,,,,,
2026-05-19T21:45:11.754683+00:00,9.55,2026-05-19T23:30:00,3.8,2026-05-19T23:30:00,56.0,2026-05-19T23:30:00,0.0,0.0,0.0,11.3,5.3,0.0,,,,,,,,,,,
2026-05-19T22:51:34.470826+00:00,9.55,2026-05-20T00:45:00,3.8,2026-05-20T00:45:00,56.0,2026-05-20T00:45:00,0.0,0.0,0.0,10.9,5.3,0.0,,,,,,,,,,,
2026-05-20T00:04:10.040564+00:00,9.55,2026-05-20T02:00:00,3.8,2026-05-20T02:00:00,56.0,2026-05-20T02:00:00,0.0,0.0,0.0,11.1,13.5,0.0,,,,,,,,,,,
2026-05-20T04:36:26.857840+00:00,8.39,2026-05-20T06:30:00,3.8,2026-05-20T06:30:00,56.0,2026-05-20T06:30:00,0.0,0.0,0.0,10.9,6.1000000000000005,1.2,,,,,,,,,,,
2026-05-20T08:16:31.431965+00:00,8.79,2026-05-20T10:00:00,3.8,2026-05-20T10:00:00,56.0,2026-05-20T10:00:00,0.0,0.0,0.0,12.0,16.7,4.9,,,,,,,,,,,
2026-05-20T11:27:17.596113+00:00,8.79,2026-05-20T13:15:00,3.8,2026-05-20T13:15:00,56.0,2026-05-20T13:15:00,0.0,0.0,0.0,15.9,0.5,0.1,,,,,,,,,,,
2026-05-20T14:05:55.767066+00:00,9.55,2026-05-20T16:00:00,3.8,2026-05-20T16:00:00,56.0,2026-05-20T16:00:00,0.0,0.0,0.1,16.7,1.9000000000000001,0.0,,,,,,,,,,,
2026-05-20T17:31:51.653483+00:00,8.79,2026-05-20T19:15:00,3.8,2026-05-20T19:15:00,56.0,2026-05-20T19:15:00,0.0,0.0,0.0,16.3,1.2000000000000002,1.2000000000000002,,,,,,,,,,,
2026-05-20T19:41:44.461952+00:00,6.58,2026-05-20T21:30:00,3.8,2026-05-20T21:30:00,56.0,2026-05-20T21:30:00,0.0,0.0,0.0,14.3,1.3,1.3,7.7,2026-05-20T21:30:00,87.0,2026-05-20T21:30:00,876.05,2026-05-20T21:30:00,0.0,0.0,10.4,0.1,0.1
2026-05-20T21:25:36.015128+00:00,6.58,2026-05-20T23:15:00,3.8,2026-05-20T23:15:00,56.0,2026-05-20T23:15:00,0.0,0.0,0.0,13.0,1.3,1.3,7.3,2026-05-20T23:15:00,86.0,2026-05-20T23:15:00,876.07,2026-05-20T23:15:00,0.0,0.0,9.7,0.1,0.1
2026-05-20T22:51:44.244918+00:00,6.58,2026-05-21T00:45:00,3.8,2026-05-21T00:45:00,56.0,2026-05-21T00:45:00,0.0,0.0,0.0,11.3,0.0,0.0,6.53,2026-05-21T00:45:00,84.0,2026-05-21T00:45:00,876.06,2026-05-21T00:45:00,0.0,0.0,9.1,0.0,0.0
2026-05-21T00:06:14.909218+00:00,10.4,2026-05-21T02:00:00,3.8,2026-05-21T02:00:00,56.0,2026-05-21T02:00:00,0.0,0.0,0.0,10.5,0.0,0.0,6.53,2026-05-21T02:00:00,84.0,2026-05-21T02:00:00,876.07,2026-05-21T02:00:00,0.0,0.0,8.4,0.0,0.0
2026-05-21T04:43:51.180070+00:00,8.39,2026-05-21T06:30:00,3.8,2026-05-21T06:30:00,56.0,2026-05-21T06:30:00,0.0,0.0,0.0,8.8,0.0,0.0,6.17,2026-05-21T06:30:00,83.0,2026-05-21T06:30:00,876.07,2026-05-21T06:30:00,0.0,0.0,7.6,0.0,0.0
2026-05-21T08:22:39.209215+00:00,6.95,2026-05-21T10:15:00,3.8,2026-05-21T10:15:00,56.0,2026-05-21T10:15:00,0.0,0.0,0.0,15.3,0.0,0.0,6.17,2026-05-21T10:15:00,83.0,2026-05-21T10:15:00,876.07,2026-05-21T10:15:00,0.0,0.0,12.1,0.0,0.0
2026-05-21T11:45:12.153047+00:00,6.95,2026-05-21T13:30:00,3.8,2026-05-21T13:30:00,56.0,2026-05-21T13:30:00,0.0,0.0,0.0,18.6,0.0,0.0,6.53,2026-05-21T13:30:00,84.0,2026-05-21T13:30:00,876.07,2026-05-21T13:30:00,0.0,0.0,15.3,0.0,0.0
2026-05-21T14:28:28.739129+00:00,6.58,2026-05-21T16:15:00,3.8,2026-05-21T16:15:00,56.0,2026-05-21T16:15:00,0.0,0.0,0.0,20.0,0.0,0.0,6.17,2026-05-21T16:15:00,83.0,2026-05-21T16:15:00,876.06,2026-05-21T16:15:00,0.0,0.0,16.4,0.0,0.0
2026-05-21T17:16:38.877838+00:00,8.39,2026-05-21T19:00:00,3.8,2026-05-21T19:00:00,56.0,2026-05-21T19:00:00,0.0,0.0,0.0,18.7,0.0,0.0,6.17,2026-05-21T19:00:00,83.0,2026-05-21T19:00:00,876.05,2026-05-21T19:00:00,0.0,0.0,14.6,0.0,0.0
2026-05-21T19:25:46.924646+00:00,8.79,2026-05-21T21:15:00,3.8,2026-05-21T21:15:00,56.0,2026-05-21T21:15:00,0.0,0.0,0.0,14.6,0.0,0.0,5.81,2026-05-21T21:15:00,82.0,2026-05-21T21:15:00,876.05,2026-05-21T21:15:00,0.0,0.0,11.2,0.0,0.0
2026-05-21T21:12:05.018536+00:00,8.79,2026-05-21T23:00:00,3.8,2026-05-21T23:00:00,56.0,2026-05-21T23:00:00,0.0,0.0,0.0,12.8,0.0,0.0,5.81,2026-05-21T23:00:00,82.0,2026-05-21T23:00:00,876.05,2026-05-21T23:00:00,0.0,0.0,10.5,0.0,0.0
2026-05-21T22:42:34.811422+00:00,8.39,2026-05-22T00:30:00,3.8,2026-05-22T00:30:00,56.0,2026-05-22T00:30:00,0.0,0.0,0.0,11.1,0.0,0.0,5.47,2026-05-22T00:30:00,81.0,2026-05-22T00:30:00,876.06,2026-05-22T00:30:00,0.0,0.0,10.4,0.0,0.0
2026-05-21T23:42:23.485742+00:00,8.39,2026-05-22T01:30:00,3.8,2026-05-22T01:30:00,56.0,2026-05-22T01:30:00,0.0,0.0,0.0,10.8,0.0,0.0,5.81,2026-05-22T01:30:00,82.0,2026-05-22T01:30:00,876.05,2026-05-22T01:30:00,0.0,0.0,10.5,0.0,0.0
2026-05-22T01:49:31.833464+00:00,7.99,2026-05-22T03:45:00,3.8,2026-05-22T03:45:00,56.0,2026-05-22T03:45:00,0.0,0.0,0.0,7.2,0.0,0.0,5.47,2026-05-22T03:45:00,81.0,2026-05-22T03:45:00,876.04,2026-05-22T03:45:00,0.0,0.0,9.4,0.0,0.0
2026-05-22T06:05:33.599613+00:00,6.58,2026-05-22T08:00:00,3.8,2026-05-22T08:00:00,56.0,2026-05-22T08:00:00,0.0,0.0,0.0,10.9,0.0,0.0,5.47,2026-05-22T08:00:00,81.0,2026-05-22T08:00:00,876.04,2026-05-22T08:00:00,0.0,0.0,12.7,0.0,0.0
2026-05-22T09:49:34.338046+00:00,7.27,2026-05-22T11:45:00,3.8,2026-05-22T11:45:00,56.0,2026-05-22T11:45:00,0.0,0.0,0.0,20.8,0.0,0.0,5.13,2026-05-22T11:45:00,80.0,2026-05-22T11:45:00,876.05,2026-05-22T11:45:00,0.0,0.0,18.5,0.0,0.0
2026-05-22T12:17:22.389167+00:00,6.95,2026-05-22T14:00:00,3.8,2026-05-22T14:00:00,56.0,2026-05-22T14:00:00,0.0,0.0,0.0,23.8,0.0,0.0,5.13,2026-05-22T14:00:00,80.0,2026-05-22T14:00:00,876.05,2026-05-22T14:15:00,0.0,0.0,20.3,0.0,0.0
2026-05-22T15:30:45.380595+00:00,5.62,2026-05-22T17:15:00,3.8,2026-05-22T17:15:00,56.0,2026-05-22T17:15:00,0.0,0.0,0.0,23.8,0.0,0.0,5.13,2026-05-22T17:15:00,80.0,2026-05-22T17:15:00,876.04,2026-05-22T17:15:00,0.0,0.0,19.7,0.0,0.0
2026-05-22T17:28:25.575573+00:00,5.03,2026-05-22T19:15:00,3.8,2026-05-22T19:15:00,56.0,2026-05-22T19:15:00,0.0,0.0,0.0,22.4,0.0,0.0,5.13,2026-05-22T19:15:00,80.0,2026-05-22T19:15:00,876.04,2026-05-22T19:15:00,0.0,0.0,18.2,0.0,0.0
2026-05-22T19:14:20.220280+00:00,5.32,2026-05-22T21:00:00,3.8,2026-05-22T21:00:00,56.0,2026-05-22T21:00:00,0.0,0.0,0.0,17.6,0.0,0.0,5.13,2026-05-22T21:00:00,80.0,2026-05-22T21:00:00,876.04,2026-05-22T21:00:00,0.0,0.0,14.4,0.0,0.0
2026-05-22T20:49:36.725076+00:00,5.93,2026-05-22T22:45:00,3.8,2026-05-22T22:45:00,56.0,2026-05-22T22:45:00,0.0,0.0,0.0,14.9,0.0,0.0,4.81,2026-05-22T22:45:00,79.0,2026-05-22T22:45:00,876.05,2026-05-22T22:45:00,0.0,0.0,13.6,0.0,0.0
2026-05-22T22:06:35.702557+00:00,6.58,2026-05-23T00:00:00,3.8,2026-05-23T00:00:00,56.0,2026-05-23T00:00:00,0.0,0.0,0.0,14.5,0.0,0.0,4.81,2026-05-23T00:00:00,79.0,2026-05-23T00:00:00,876.06,2026-05-23T00:00:00,0.0,0.0,12.9,0.0,0.0
2026-05-22T23:19:10.117619+00:00,6.95,2026-05-23T01:15:00,3.62,2026-05-23T01:15:00,55.0,2026-05-23T01:15:00,0.0,0.0,0.0,13.1,0.0,0.0,4.81,2026-05-23T01:15:00,79.0,2026-05-23T01:15:00,876.04,2026-05-23T01:15:00,0.0,0.0,12.7,0.0,0.0
2026-05-23T01:22:23.150672+00:00,6.58,2026-05-23T03:15:00,3.8,2026-05-23T03:15:00,56.0,2026-05-23T03:15:00,0.0,0.0,0.0,9.6,0.0,0.0,4.5,2026-05-23T03:15:00,78.0,2026-05-23T03:15:00,876.03,2026-05-23T03:15:00,0.0,0.0,12.4,0.0,0.0
2026-05-23T05:01:42.163372+00:00,6.58,2026-05-23T06:45:00,3.8,2026-05-23T06:45:00,56.0,2026-05-23T06:45:00,0.0,0.0,0.0,9.7,0.0,0.0,4.5,2026-05-23T06:45:00,78.0,2026-05-23T06:45:00,876.04,2026-05-23T06:45:00,0.0,0.0,12.7,0.0,0.0
2026-05-23T07:42:54.714872+00:00,6.58,2026-05-23T09:30:00,3.8,2026-05-23T09:30:00,56.0,2026-05-23T09:30:00,0.0,0.0,0.0,17.7,0.0,0.0,4.2,2026-05-23T09:30:00,77.0,2026-05-23T09:30:00,876.04,2026-05-23T09:30:00,0.0,0.0,18.1,0.0,0.0
2026-05-23T09:27:38.970024+00:00,5.62,2026-05-23T11:15:00,3.8,2026-05-23T11:15:00,56.0,2026-05-23T11:15:00,0.0,0.0,0.0,22.4,0.0,0.0,4.5,2026-05-23T11:15:00,78.0,2026-05-23T11:15:00,876.04,2026-05-23T11:15:00,0.0,0.0,20.0,0.0,0.0
2026-05-23T10:54:40.694481+00:00,5.32,2026-05-23T12:45:00,3.8,2026-05-23T12:45:00,56.0,2026-05-23T12:45:00,0.0,0.0,0.0,25.2,0.0,0.0,4.5,2026-05-23T12:45:00,78.0,2026-05-23T12:45:00,876.04,2026-05-23T12:45:00,0.0,0.0,21.2,0.0,0.0
2026-05-23T11:59:08.587536+00:00,5.32,2026-05-23T13:45:00,3.8,2026-05-23T13:45:00,56.0,2026-05-23T13:45:00,0.0,0.0,0.0,26.2,0.0,0.0,4.5,2026-05-23T13:45:00,78.0,2026-05-23T13:45:00,876.06,2026-05-23T13:45:00,0.0,0.0,22.0,0.0,0.0
2026-05-23T13:56:50.689676+00:00,5.32,2026-05-23T15:45:00,3.8,2026-05-23T15:45:00,56.0,2026-05-23T15:45:00,0.0,0.0,0.0,26.7,0.0,0.0,4.5,2026-05-23T15:45:00,78.0,2026-05-23T15:45:00,876.04,2026-05-23T15:45:00,0.0,0.0,22.1,0.0,0.0
2026-05-23T15:02:41.147438+00:00,5.62,2026-05-23T16:45:00,3.8,2026-05-23T16:45:00,56.0,2026-05-23T16:45:00,0.0,0.0,0.0,26.5,0.0,0.0,4.2,2026-05-23T16:45:00,77.0,2026-05-23T16:45:00,876.04,2026-05-23T16:45:00,0.0,0.0,21.9,0.0,0.0
2026-05-23T16:12:39.418208+00:00,5.62,2026-05-23T18:00:00,3.8,2026-05-23T18:00:00,56.0,2026-05-23T18:00:00,0.0,0.0,0.0,25.7,0.0,0.0,4.2,2026-05-23T18:00:00,77.0,2026-05-23T18:00:00,876.04,2026-05-23T18:00:00,0.0,0.0,21.2,0.0,0.0
2026-05-23T17:18:30.412541+00:00,5.62,2026-05-23T19:15:00,3.62,2026-05-23T19:15:00,55.0,2026-05-23T19:15:00,0.0,0.0,0.0,24.7,0.0,0.0,3.91,2026-05-23T19:00:00,76.0,2026-05-23T19:00:00,876.04,2026-05-23T19:15:00,0.0,0.0,19.9,0.0,0.0
2026-05-23T18:33:13.993964+00:00,5.62,2026-05-23T20:15:00,3.62,2026-05-23T20:30:00,55.0,2026-05-23T20:30:00,0.0,0.0,0.0,21.6,0.0,0.0,2.89,2026-05-23T20:15:00,72.0,2026-05-23T20:15:00,876.04,2026-05-23T20:15:00,0.0,0.0,17.4,0.0,0.0
2026-05-23T19:49:37.692442+00:00,5.03,2026-05-23T21:45:00,3.8,2026-05-23T21:45:00,56.0,2026-05-23T21:45:00,0.0,0.0,0.0,18.3,0.0,0.0,3.91,2026-05-23T21:45:00,76.0,2026-05-23T21:45:00,876.05,2026-05-23T21:45:00,0.0,0.0,15.6,0.0,0.0
2026-05-23T20:50:19.785695+00:00,5.03,2026-05-23T22:45:00,3.8,2026-05-23T22:45:00,56.0,2026-05-23T22:45:00,0.0,0.0,0.0,16.1,0.0,0.0,4.2,2026-05-23T22:45:00,77.0,2026-05-23T22:45:00,876.04,2026-05-23T22:45:00,0.0,0.0,14.7,0.0,0.0
2026-05-23T21:53:30.480940+00:00,5.03,2026-05-23T23:45:00,3.8,2026-05-23T23:45:00,56.0,2026-05-23T23:45:00,0.0,0.0,0.0,14.9,0.0,0.0,4.2,2026-05-23T23:45:00,77.0,2026-05-23T23:45:00,876.05,2026-05-23T23:45:00,0.0,0.0,14.3,0.0,0.0
2026-05-23T22:52:14.201829+00:00,5.32,2026-05-24T00:45:00,3.8,2026-05-24T00:45:00,56.0,2026-05-24T00:45:00,0.0,0.0,0.0,13.9,0.0,0.0,4.2,2026-05-24T00:45:00,77.0,2026-05-24T00:45:00,876.05,2026-05-24T00:45:00,0.0,0.0,14.0,0.0,0.0
2026-05-23T23:56:08.332953+00:00,5.32,2026-05-24T01:45:00,3.8,2026-05-24T01:45:00,56.0,2026-05-24T01:45:00,0.0,0.0,0.0,12.2,0.0,0.0,4.2,2026-05-24T01:45:00,77.0,2026-05-24T01:45:00,876.05,2026-05-24T01:45:00,0.0,0.0,13.8,0.0,0.0
2026-05-24T03:39:24.441054+00:00,5.32,2026-05-24T05:30:00,3.8,2026-05-24T05:30:00,56.0,2026-05-24T05:30:00,0.0,0.0,0.0,11.1,0.0,0.0,3.91,2026-05-24T05:30:00,76.0,2026-05-24T05:30:00,876.05,2026-05-24T05:30:00,0.0,0.0,13.1,0.0,0.0
2026-05-24T06:51:55.603682+00:00,5.93,2026-05-24T08:45:00,3.8,2026-05-24T08:45:00,56.0,2026-05-24T08:45:00,0.0,0.0,0.0,17.1,0.0,0.0,3.91,2026-05-24T08:45:00,76.0,2026-05-24T08:45:00,876.04,2026-05-24T08:45:00,0.0,0.0,17.5,0.0,0.0
2026-05-24T09:20:59.533302+00:00,5.93,2026-05-24T11:15:00,3.8,2026-05-24T11:15:00,56.0,2026-05-24T11:15:00,0.0,0.0,0.0,24.9,0.0,0.0,3.91,2026-05-24T11:15:00,76.0,2026-05-24T11:15:00,876.03,2026-05-24T11:15:00,0.0,0.0,20.8,0.0,0.0
2026-05-24T10:54:09.720284+00:00,5.93,2026-05-24T12:45:00,3.8,2026-05-24T12:45:00,56.0,2026-05-24T12:45:00,0.0,0.0,0.0,26.9,0.0,0.0,3.91,2026-05-24T12:45:00,76.0,2026-05-24T12:45:00,876.04,2026-05-24T12:45:00,0.0,0.0,22.0,0.0,0.0
2026-05-24T11:59:52.878763+00:00,5.93,2026-05-24T13:45:00,3.8,2026-05-24T13:45:00,56.0,2026-05-24T13:45:00,0.0,0.0,0.0,27.8,0.0,0.0,3.91,2026-05-24T13:45:00,76.0,2026-05-24T13:45:00,876.04,2026-05-24T13:45:00,0.0,0.0,22.7,0.0,0.0
2026-05-24T13:54:19.325141+00:00,5.62,2026-05-24T15:45:00,3.8,2026-05-24T15:45:00,56.0,2026-05-24T15:45:00,0.0,0.0,0.0,27.9,0.0,0.0,3.91,2026-05-24T15:45:00,76.0,2026-05-24T15:45:00,876.03,2026-05-24T15:45:00,0.0,0.0,23.1,0.0,0.0
2026-05-24T15:02:42.706259+00:00,5.62,2026-05-24T16:45:00,3.8,2026-05-24T17:00:00,56.0,2026-05-24T17:00:00,0.0,0.0,0.0,27.7,0.0,0.0,3.91,2026-05-24T16:45:00,76.0,2026-05-24T16:45:00,876.05,2026-05-24T16:45:00,0.0,0.0,22.9,0.0,0.0
2026-05-24T16:14:42.317737+00:00,5.62,2026-05-24T18:00:00,3.8,2026-05-24T18:00:00,56.0,2026-05-24T18:00:00,0.0,0.0,0.0,27.0,0.0,0.0,3.91,2026-05-24T18:00:00,76.0,2026-05-24T18:00:00,876.05,2026-05-24T18:00:00,0.0,0.0,22.4,0.0,0.0
2026-05-24T17:18:18.734574+00:00,5.32,2026-05-24T19:15:00,3.62,2026-05-24T19:15:00,55.0,2026-05-24T19:15:00,0.0,0.0,0.0,26.0,0.0,0.0,3.91,2026-05-24T19:00:00,76.0,2026-05-24T19:00:00,876.03,2026-05-24T19:00:00,0.0,0.0,20.8,0.0,0.0
2026-05-24T18:36:59.293266+00:00,5.32,2026-05-24T20:30:00,3.8,2026-05-24T20:30:00,56.0,2026-05-24T20:30:00,0.0,0.0,0.0,23.0,0.0,0.0,3.91,2026-05-24T20:30:00,76.0,2026-05-24T20:30:00,876.05,2026-05-24T20:30:00,0.0,0.0,18.2,0.0,0.0
2026-05-24T19:50:15.444591+00:00,5.32,2026-05-24T21:45:00,3.8,2026-05-24T21:45:00,56.0,2026-05-24T21:45:00,0.0,0.0,0.0,19.5,0.0,0.0,4.2,2026-05-24T21:45:00,77.0,2026-05-24T21:45:00,876.04,2026-05-24T21:45:00,0.0,0.0,16.7,0.0,0.0
2026-05-24T20:54:06.842371+00:00,5.03,2026-05-24T22:45:00,3.8,2026-05-24T22:45:00,56.0,2026-05-24T22:45:00,0.0,0.0,0.0,16.5,0.0,0.0,4.2,2026-05-24T22:45:00,77.0,2026-05-24T22:45:00,876.04,2026-05-24T22:45:00,0.0,0.0,16.2,0.0,0.0
2026-05-24T21:55:10.590522+00:00,5.03,2026-05-24T23:45:00,3.8,2026-05-24T23:45:00,56.0,2026-05-24T23:45:00,0.0,0.0,0.0,15.1,0.0,0.0,4.2,2026-05-24T23:45:00,77.0,2026-05-24T23:45:00,876.04,2026-05-24T23:45:00,0.0,0.0,15.8,0.0,0.0
2026-05-24T22:56:45.181865+00:00,5.32,2026-05-25T00:45:00,3.8,2026-05-25T00:45:00,56.0,2026-05-25T00:45:00,0.0,0.0,0.0,14.9,0.0,0.0,4.2,2026-05-25T00:45:00,77.0,2026-05-25T00:45:00,876.04,2026-05-25T00:45:00,0.0,0.0,15.5,0.0,0.0
2026-05-25T00:01:54.783717+00:00,5.03,2026-05-25T01:45:00,3.8,2026-05-25T01:45:00,56.0,2026-05-25T01:45:00,0.0,0.0,0.0,14.7,0.0,0.0,4.2,2026-05-25T01:45:00,77.0,2026-05-25T01:45:00,876.04,2026-05-25T01:45:00,0.0,0.0,15.2,0.0,0.0
2026-05-25T04:51:07.448307+00:00,5.32,2026-05-25T06:45:00,3.8,2026-05-25T06:45:00,56.0,2026-05-25T06:45:00,0.0,0.0,0.0,13.4,0.0,0.0,3.91,2026-05-25T06:45:00,76.0,2026-05-25T06:45:00,876.05,2026-05-25T06:45:00,0.0,0.0,14.8,0.0,0.0
2026-05-25T08:55:39.713469+00:00,5.32,2026-05-25T10:45:00,3.8,2026-05-25T10:45:00,56.0,2026-05-25T10:45:00,0.0,0.0,0.0,24.0,0.0,0.0,3.64,2026-05-25T10:45:00,75.0,2026-05-25T10:45:00,876.05,2026-05-25T10:45:00,0.0,0.0,22.5,0.0,0.0
2026-05-25T12:30:44.237799+00:00,3.52,2026-05-25T14:15:00,3.8,2026-05-25T14:15:00,56.0,2026-05-25T14:15:00,0.0,0.0,0.0,28.6,0.0,0.0,3.64,2026-05-25T14:15:00,75.0,2026-05-25T14:15:00,876.04,2026-05-25T14:15:00,0.0,0.0,24.5,0.0,0.0
2026-05-25T15:41:31.667784+00:00,6.58,2026-05-25T17:30:00,3.8,2026-05-25T17:30:00,56.0,2026-05-25T17:30:00,0.0,0.0,0.0,27.8,0.0,0.0,3.64,2026-05-25T17:30:00,75.0,2026-05-25T17:30:00,876.04,2026-05-25T17:30:00,0.0,0.0,23.6,0.0,0.0
2026-05-25T17:23:49.917636+00:00,5.32,2026-05-25T19:15:00,3.8,2026-05-25T19:15:00,56.0,2026-05-25T19:15:00,0.0,0.0,0.0,26.1,0.0,0.0,3.64,2026-05-25T19:15:00,75.0,2026-05-25T19:15:00,876.04,2026-05-25T19:15:00,0.0,0.0,21.8,0.0,0.0
2026-05-25T19:00:40.814020+00:00,3.98,2026-05-25T20:45:00,3.8,2026-05-25T20:45:00,56.0,2026-05-25T20:45:00,0.0,0.0,0.0,21.7,0.0,0.0,3.64,2026-05-25T20:45:00,75.0,2026-05-25T20:45:00,876.04,2026-05-25T20:45:00,0.0,0.0,18.1,0.0,0.0
2026-05-25T20:43:55.667171+00:00,4.48,2026-05-25T22:30:00,3.8,2026-05-25T22:30:00,56.0,2026-05-25T22:30:00,0.0,0.0,0.0,18.6,0.0,0.0,3.64,2026-05-25T22:30:00,75.0,2026-05-25T22:30:00,876.04,2026-05-25T22:30:00,0.0,0.0,17.0,0.0,0.0
2026-05-25T21:54:49.077790+00:00,5.93,2026-05-25T23:45:00,3.8,2026-05-25T23:45:00,56.0,2026-05-25T23:45:00,0.0,0.0,0.0,15.9,0.0,0.0,3.64,2026-05-25T23:45:00,75.0,2026-05-25T23:45:00,876.05,2026-05-25T23:45:00,0.0,0.0,16.5,0.0,0.0
2026-05-25T22:59:51.108748+00:00,6.25,2026-05-26T00:45:00,3.8,2026-05-26T00:45:00,56.0,2026-05-26T00:45:00,0.0,0.0,0.0,14.8,0.0,0.0,3.64,2026-05-26T00:45:00,75.0,2026-05-26T00:45:00,876.04,2026-05-26T00:45:00,0.0,0.0,16.2,0.0,0.0
2026-05-26T00:13:28.047150+00:00,5.62,2026-05-26T02:00:00,3.8,2026-05-26T02:00:00,56.0,2026-05-26T02:00:00,0.0,0.0,0.0,14.7,0.0,0.0,3.64,2026-05-26T02:00:00,75.0,2026-05-26T02:00:00,876.03,2026-05-26T02:00:00,0.0,0.0,16.0,0.0,0.0
2026-05-26T04:36:05.223734+00:00,3.11,2026-05-26T06:30:00,3.8,2026-05-26T06:30:00,56.0,2026-05-26T06:30:00,0.0,0.0,0.0,13.3,0.0,0.0,3.38,2026-05-26T06:30:00,74.0,2026-05-26T06:30:00,876.03,2026-05-26T06:30:00,0.0,0.0,15.7,0.0,0.0
2026-05-26T08:22:35.538572+00:00,3.75,2026-05-26T10:15:00,3.8,2026-05-26T10:15:00,56.0,2026-05-26T10:15:00,0.0,0.0,0.0,23.6,0.0,0.0,3.64,2026-05-26T10:15:00,75.0,2026-05-26T10:15:00,876.03,2026-05-26T10:15:00,0.0,0.0,22.3,0.0,0.0
2026-05-26T14:21:17.509197+00:00,5.32,2026-05-26T16:15:00,3.8,2026-05-26T16:15:00,56.0,2026-05-26T16:15:00,,,,,,,3.64,2026-05-26T16:15:00,75.0,2026-05-26T16:15:00,876.04,2026-05-26T16:15:00,,,,,
2026-05-26T17:42:28.673881+00:00,4.23,2026-05-26T19:30:00,3.8,2026-05-26T19:30:00,56.0,2026-05-26T19:30:00,0.0,0.0,0.0,26.6,0.0,0.0,3.64,2026-05-26T19:30:00,75.0,2026-05-26T19:30:00,876.01,2026-05-26T19:30:00,0.0,0.0,22.8,0.0,0.0
2026-05-26T19:46:51.810496+00:00,4.23,2026-05-26T21:30:00,3.8,2026-05-26T21:30:00,56.0,2026-05-26T21:30:00,0.0,0.0,0.0,19.5,0.0,0.0,3.64,2026-05-26T21:30:00,75.0,2026-05-26T21:30:00,876.01,2026-05-26T21:30:00,0.0,0.0,18.6,0.7,0.0
2026-05-26T21:43:28.701811+00:00,4.23,2026-05-26T23:30:00,3.8,2026-05-26T23:30:00,56.0,2026-05-26T23:30:00,0.0,0.0,0.0,16.9,0.1,0.0,3.64,2026-05-26T23:30:00,75.0,2026-05-26T23:30:00,876.01,2026-05-26T23:30:00,0.0,0.0,17.3,0.0,0.0
2026-05-26T22:56:45.547563+00:00,4.23,2026-05-27T00:45:00,3.8,2026-05-27T00:45:00,56.0,2026-05-27T00:45:00,0.0,0.0,0.0,16.7,1.6,0.0,3.64,2026-05-27T00:45:00,75.0,2026-05-27T00:45:00,876.01,2026-05-27T00:45:00,0.0,0.0,16.5,0.0,0.0
2026-05-27T00:08:22.887019+00:00,3.52,2026-05-27T02:00:00,3.8,2026-05-27T02:00:00,56.0,2026-05-27T02:00:00,0.0,0.0,0.0,16.5,1.6,0.0,3.64,2026-05-27T02:00:00,75.0,2026-05-27T02:00:00,876.01,2026-05-27T02:00:00,0.0,0.0,16.0,0.0,0.0
2026-05-27T04:48:05.285418+00:00,5.93,2026-05-27T06:30:00,3.62,2026-05-27T06:45:00,55.0,2026-05-27T06:45:00,0.0,0.0,0.0,17.0,0.8,0.0,3.64,2026-05-27T06:30:00,75.0,2026-05-27T06:30:00,876.0,2026-05-27T06:45:00,0.0,0.0,15.9,0.0,0.0
2026-05-27T08:37:45.688055+00:00,4.75,2026-05-27T10:30:00,3.8,2026-05-27T10:30:00,56.0,2026-05-27T10:30:00,0.0,0.0,0.0,25.0,0.4,0.0,3.64,2026-05-27T10:30:00,75.0,2026-05-27T10:30:00,876.0,2026-05-27T10:30:00,0.0,0.0,21.5,0.0,0.0
2026-05-27T11:59:22.088060+00:00,4.23,2026-05-27T13:45:00,3.8,2026-05-27T13:45:00,56.0,2026-05-27T13:45:00,0.0,0.0,0.0,27.7,0.3,0.3,3.64,2026-05-27T13:45:00,75.0,2026-05-27T13:45:00,876.0,2026-05-27T13:45:00,0.0,0.0,23.6,0.0,0.0
2026-05-27T16:05:08.355212+00:00,4.23,2026-05-27T18:00:00,3.8,2026-05-27T18:00:00,56.0,2026-05-27T18:00:00,0.0,0.0,0.0,27.0,0.0,0.0,3.64,2026-05-27T18:00:00,75.0,2026-05-27T18:00:00,876.0,2026-05-27T18:00:00,0.0,0.0,21.8,0.0,0.0
2026-05-27T18:33:52.050573+00:00,3.98,2026-05-27T20:30:00,3.8,2026-05-27T20:30:00,56.0,2026-05-27T20:30:00,0.0,0.0,0.0,23.1,0.0,0.0,3.64,2026-05-27T20:30:00,75.0,2026-05-27T20:30:00,876.0,2026-05-27T20:30:00,0.0,0.0,19.5,0.0,0.0
2026-05-27T20:54:23.245999+00:00,3.52,2026-05-27T22:45:00,3.8,2026-05-27T22:45:00,56.0,2026-05-27T22:45:00,0.0,0.0,0.0,20.2,0.0,0.0,3.64,2026-05-27T22:45:00,75.0,2026-05-27T22:45:00,876.0,2026-05-27T22:45:00,0.0,0.0,17.2,0.0,0.0
2026-05-27T22:42:10.870948+00:00,3.11,2026-05-28T00:30:00,3.8,2026-05-28T00:30:00,56.0,2026-05-28T00:30:00,0.0,0.0,0.0,16.5,0.0,0.0,3.64,2026-05-28T00:30:00,75.0,2026-05-28T00:30:00,876.0,2026-05-28T00:30:00,0.0,0.0,15.6,0.0,0.0
2026-05-27T23:47:42.206538+00:00,3.52,2026-05-28T01:30:00,3.62,2026-05-28T01:45:00,55.0,2026-05-28T01:45:00,0.0,0.0,0.0,14.0,0.0,0.0,3.64,2026-05-28T01:45:00,75.0,2026-05-28T01:45:00,876.0,2026-05-28T01:30:00,0.0,0.0,14.9,0.0,0.0
2026-05-28T02:57:26.975671+00:00,5.03,2026-05-28T04:45:00,3.8,2026-05-28T04:45:00,56.0,2026-05-28T04:45:00,0.0,0.0,0.0,13.2,0.0,0.0,3.38,2026-05-28T04:45:00,74.0,2026-05-28T04:45:00,875.99,2026-05-28T04:45:00,0.0,0.0,13.6,0.0,0.0
2026-05-28T06:58:04.317772+00:00,4.75,2026-05-28T08:45:00,3.8,2026-05-28T08:45:00,56.0,2026-05-28T08:45:00,0.0,0.0,0.0,17.2,0.0,0.0,3.38,2026-05-28T08:45:00,74.0,2026-05-28T08:45:00,875.99,2026-05-28T08:45:00,0.0,0.0,17.4,0.0,0.0
2026-05-28T10:59:36.048106+00:00,4.23,2026-05-28T12:45:00,3.8,2026-05-28T12:45:00,56.0,2026-05-28T12:45:00,0.0,0.0,0.0,23.9,0.0,0.0,3.38,2026-05-28T12:45:00,74.0,2026-05-28T12:45:00,875.99,2026-05-28T12:45:00,0.0,0.0,21.0,0.0,0.0
2026-05-28T14:43:45.370410+00:00,4.23,2026-05-28T16:30:00,3.8,2026-05-28T16:30:00,56.0,2026-05-28T16:30:00,0.0,0.0,0.0,25.1,0.0,0.0,3.38,2026-05-28T16:30:00,74.0,2026-05-28T16:30:00,875.99,2026-05-28T16:30:00,0.0,0.0,21.5,0.0,0.0
2026-05-28T17:52:35.688055+00:00,4.23,2026-05-28T19:45:00,3.8,2026-05-28T19:45:00,56.0,2026-05-28T19:45:00,0.0,0.0,0.0,22.7,0.0,0.0,3.38,2026-05-28T19:45:00,74.0,2026-05-28T19:45:00,875.98,2026-05-28T19:45:00,0.0,0.0,18.9,0.0,0.0
2026-05-28T20:19:51.082337+00:00,4.23,2026-05-28T22:15:00,3.8,2026-05-28T22:15:00,56.0,2026-05-28T22:15:00,0.0,0.0,0.0,16.6,0.0,0.0,3.64,2026-05-28T22:15:00,75.0,2026-05-28T22:15:00,875.98,2026-05-28T22:15:00,0.0,0.0,14.7,0.0,0.0
2026-05-28T22:16:46.718149+00:00,4.23,2026-05-29T00:00:00,3.8,2026-05-29T00:00:00,56.0,2026-05-29T00:00:00,0.0,0.0,0.0,15.5,0.0,0.0,3.64,2026-05-29T00:00:00,75.0,2026-05-29T00:00:00,875.98,2026-05-29T00:00:00,0.0,0.0,13.5,0.0,0.0
2026-05-28T23:49:25.511545+00:00,4.23,2026-05-29T01:45:00,3.8,2026-05-29T01:45:00,56.0,2026-05-29T01:45:00,0.0,0.0,0.0,12.6,0.0,0.0,3.64,2026-05-29T01:45:00,75.0,2026-05-29T01:45:00,875.98,2026-05-29T01:45:00,0.0,0.0,13.2,0.0,0.0
2026-05-29T03:26:38.411051+00:00,4.23,2026-05-29T05:15:00,3.8,2026-05-29T05:15:00,56.0,2026-05-29T05:15:00,0.0,0.0,0.0,9.8,0.0,0.0,3.64,2026-05-29T05:15:00,75.0,2026-05-29T05:15:00,875.98,2026-05-29T05:15:00,0.0,0.0,12.0,0.0,0.0
2026-05-29T07:08:28.667769+00:00,4.23,2026-05-29T09:00:00,4.0,2026-05-29T09:00:00,57.0,2026-05-29T09:00:00,0.0,0.0,0.0,16.8,0.0,0.0,3.38,2026-05-29T09:00:00,74.0,2026-05-29T09:00:00,875.97,2026-05-29T09:00:00,0.0,0.0,16.9,0.0,0.0
2026-05-29T10:54:20.949284+00:00,3.7,2026-05-29T12:45:00,3.8,2026-05-29T12:45:00,56.0,2026-05-29T12:45:00,0.0,0.0,0.0,25.3,0.0,0.0,3.38,2026-05-29T12:45:00,74.0,2026-05-29T12:45:00,875.97,2026-05-29T12:45:00,0.0,0.0,21.6,0.0,0.0
2026-05-29T13:59:01.962411+00:00,3.47,2026-05-29T15:45:00,4.0,2026-05-29T15:45:00,57.0,2026-05-29T15:45:00,0.0,0.0,0.0,26.6,0.0,0.0,3.38,2026-05-29T15:45:00,74.0,2026-05-29T15:45:00,875.97,2026-05-29T15:45:00,0.0,0.0,22.7,0.0,0.0
2026-05-29T17:38:19.814491+00:00,3.05,2026-05-29T19:30:00,3.8,2026-05-29T19:30:00,56.0,2026-05-29T19:30:00,0.0,0.0,0.0,24.0,0.0,0.0,3.91,2026-05-29T19:30:00,76.0,2026-05-29T19:30:00,875.96,2026-05-29T19:30:00,0.0,0.0,19.9,0.0,0.0
2026-05-29T19:57:08.466438+00:00,3.05,2026-05-29T21:45:00,3.8,2026-05-29T21:45:00,56.0,2026-05-29T21:45:00,0.0,0.0,0.0,15.9,0.0,0.0,3.64,2026-05-29T21:45:00,75.0,2026-05-29T21:45:00,875.96,2026-05-29T21:45:00,0.0,0.0,15.4,0.0,0.0
2026-05-29T21:53:56.713367+00:00,3.47,2026-05-29T23:45:00,3.8,2026-05-29T23:45:00,56.0,2026-05-29T23:45:00,0.0,0.0,0.0,12.6,0.0,0.0,3.64,2026-05-29T23:45:00,75.0,2026-05-29T23:45:00,875.96,2026-05-29T23:45:00,0.0,0.0,14.3,0.0,0.0
2026-05-29T23:11:13.655647+00:00,3.47,2026-05-30T01:00:00,2.94,2026-05-30T01:00:00,51.0,2026-05-30T01:00:00,0.0,0.0,0.0,12.8,0.0,0.0,3.64,2026-05-30T01:00:00,75.0,2026-05-30T01:00:00,875.96,2026-05-30T01:00:00,0.0,0.0,14.1,0.1,0.0
2026-05-30T00:18:23.202771+00:00,3.47,2026-05-30T02:00:00,3.1,2026-05-30T02:15:00,52.0,2026-05-30T02:15:00,0.0,0.0,0.0,12.3,0.0,0.0,3.38,2026-05-30T02:00:00,74.0,2026-05-30T02:00:00,875.96,2026-05-30T02:00:00,0.0,0.0,13.8,0.1,0.0
2026-05-30T04:33:41.605351+00:00,3.26,2026-05-30T06:30:00,3.8,2026-05-30T06:30:00,56.0,2026-05-30T06:30:00,0.0,0.0,0.0,11.2,0.0,0.0,3.64,2026-05-30T06:30:00,75.0,2026-05-30T06:30:00,875.95,2026-05-30T06:15:00,0.0,0.0,14.4,0.0,0.0
2026-05-30T07:31:42.892751+00:00,3.47,2026-05-30T09:15:00,3.8,2026-05-30T09:15:00,56.0,2026-05-30T09:15:00,0.0,0.0,0.0,18.9,0.0,0.0,3.38,2026-05-30T09:15:00,74.0,2026-05-30T09:15:00,875.95,2026-05-30T09:15:00,0.0,0.0,19.5,0.0,0.0
2026-05-30T09:33:08.720505+00:00,3.05,2026-05-30T11:15:00,3.8,2026-05-30T11:15:00,56.0,2026-05-30T11:15:00,0.0,0.0,0.0,24.4,0.0,0.0,3.38,2026-05-30T11:15:00,74.0,2026-05-30T11:15:00,875.95,2026-05-30T11:15:00,0.0,0.0,22.4,0.0,0.0
2026-05-30T11:05:56.449756+00:00,3.05,2026-05-30T13:00:00,3.8,2026-05-30T13:00:00,56.0,2026-05-30T13:00:00,0.0,0.0,0.0,27.3,0.0,0.0,3.64,2026-05-30T13:00:00,75.0,2026-05-30T13:00:00,875.94,2026-05-30T13:00:00,0.0,0.0,23.5,0.0,0.0
2026-05-30T12:15:39.194299+00:00,3.05,2026-05-30T14:00:00,3.8,2026-05-30T14:00:00,56.0,2026-05-30T14:00:00,0.0,0.0,0.0,28.0,0.0,0.0,3.64,2026-05-30T14:00:00,75.0,2026-05-30T14:00:00,875.94,2026-05-30T14:00:00,0.0,0.0,23.9,0.0,0.0
2026-05-30T14:12:57.469066+00:00,3.05,2026-05-30T16:00:00,3.8,2026-05-30T16:00:00,56.0,2026-05-30T16:00:00,0.0,0.0,0.0,27.8,0.0,0.0,3.64,2026-05-30T16:00:00,75.0,2026-05-30T16:00:00,875.94,2026-05-30T16:00:00,0.0,0.0,23.7,0.7,0.0
2026-05-30T15:37:45.588186+00:00,3.05,2026-05-30T17:30:00,3.8,2026-05-30T17:30:00,56.0,2026-05-30T17:30:00,0.0,0.0,0.0,27.3,0.0,0.0,3.64,2026-05-30T17:30:00,75.0,2026-05-30T17:30:00,875.94,2026-05-30T17:30:00,0.0,0.0,22.9,0.7,0.0
2026-05-30T16:43:16.256869+00:00,3.05,2026-05-30T18:30:00,3.8,2026-05-30T18:30:00,56.0,2026-05-30T18:30:00,0.0,0.0,0.0,26.4,0.0,0.0,3.64,2026-05-30T18:30:00,75.0,2026-05-30T18:30:00,875.94,2026-05-30T18:30:00,0.0,0.0,22.2,0.0,0.0
2026-05-30T17:47:01.909803+00:00,3.05,2026-05-30T19:30:00,3.8,2026-05-30T19:30:00,56.0,2026-05-30T19:30:00,0.0,0.0,0.0,24.5,0.0,0.0,3.64,2026-05-30T19:30:00,75.0,2026-05-30T19:30:00,875.94,2026-05-30T19:30:00,0.0,0.0,20.8,0.0,0.0
2026-05-30T19:12:02.286883+00:00,3.05,2026-05-30T21:00:00,4.0,2026-05-30T21:00:00,57.0,2026-05-30T21:00:00,0.0,0.0,0.0,21.0,0.0,0.0,3.64,2026-05-30T21:00:00,75.0,2026-05-30T21:00:00,875.94,2026-05-30T21:00:00,0.0,0.0,18.0,0.0,0.0
2026-05-30T20:17:43.594117+00:00,3.7,2026-05-30T22:00:00,3.8,2026-05-30T22:00:00,56.0,2026-05-30T22:00:00,0.0,0.0,0.0,18.1,0.0,0.0,3.64,2026-05-30T22:00:00,75.0,2026-05-30T22:00:00,875.94,2026-05-30T22:00:00,0.0,0.0,16.5,0.0,0.0
2026-05-30T21:32:51.589007+00:00,3.7,2026-05-30T23:15:00,3.8,2026-05-30T23:15:00,56.0,2026-05-30T23:15:00,0.0,0.0,0.0,16.1,0.1,0.0,3.64,2026-05-30T23:15:00,75.0,2026-05-30T23:15:00,875.93,2026-05-30T23:15:00,0.0,0.0,16.0,0.1,0.0
2026-05-30T22:38:54.577921+00:00,3.7,2026-05-31T00:30:00,3.8,2026-05-31T00:30:00,56.0,2026-05-31T00:30:00,0.0,0.0,0.0,15.9,9.4,0.0,3.64,2026-05-31T00:30:00,75.0,2026-05-31T00:30:00,875.93,2026-05-31T00:30:00,0.0,0.0,15.1,29.2,0.0
2026-05-30T23:42:15.411950+00:00,3.7,2026-05-31T01:30:00,3.1,2026-05-31T01:30:00,52.0,2026-05-31T01:30:00,0.0,0.0,0.0,14.9,9.4,0.0,3.64,2026-05-31T01:30:00,75.0,2026-05-31T01:30:00,875.93,2026-05-31T01:30:00,0.0,0.0,15.2,29.2,0.0
2026-05-31T01:52:56.867224+00:00,3.94,2026-05-31T03:45:00,4.0,2026-05-31T03:45:00,57.0,2026-05-31T03:45:00,0.0,0.0,0.0,14.5,18.6,0.0,3.64,2026-05-31T03:45:00,75.0,2026-05-31T03:45:00,875.93,2026-05-31T03:45:00,0.0,0.0,14.8,21.9,0.0
2026-05-31T06:17:36.479082+00:00,3.05,2026-05-31T08:00:00,4.0,2026-05-31T08:15:00,57.0,2026-05-31T08:15:00,0.0,0.0,0.0,18.8,23.7,0.0,3.38,2026-05-31T08:00:00,74.0,2026-05-31T08:00:00,875.93,2026-05-31T08:00:00,0.0,0.0,18.3,31.799999999999997,0.0
2026-05-31T09:28:50.558551+00:00,3.05,2026-05-31T11:15:00,4.0,2026-05-31T11:15:00,57.0,2026-05-31T11:15:00,0.0,0.0,0.0,25.6,24.0,0.0,3.38,2026-05-31T11:15:00,74.0,2026-05-31T11:15:00,875.92,2026-05-31T11:15:00,0.0,0.0,21.9,52.6,0.0
2026-05-31T11:17:21.430248+00:00,3.05,2026-05-31T13:00:00,4.0,2026-05-31T13:00:00,57.0,2026-05-31T13:00:00,0.0,0.0,0.0,27.4,28.400000000000002,0.0,3.38,2026-05-31T13:00:00,74.0,2026-05-31T13:00:00,875.92,2026-05-31T13:15:00,0.0,0.0,23.6,38.9,0.0
2026-05-31T12:57:00.637613+00:00,3.26,2026-05-31T14:45:00,4.0,2026-05-31T14:45:00,57.0,2026-05-31T14:45:00,0.0,0.0,0.0,27.7,28.400000000000002,0.0,3.38,2026-05-31T14:45:00,74.0,2026-05-31T14:45:00,875.92,2026-05-31T14:45:00,0.0,0.0,23.8,38.9,0.0
2026-05-31T14:48:28.835670+00:00,3.47,2026-05-31T16:45:00,3.27,2026-05-31T16:45:00,53.0,2026-05-31T16:45:00,0.0,0.0,0.0,22.2,14.299999999999999,3.1,3.38,2026-05-31T16:30:00,74.0,2026-05-31T16:30:00,875.92,2026-05-31T16:30:00,0.0,1.6,22.8,29.1,3.5
2026-05-31T16:06:14.236562+00:00,3.47,2026-05-31T18:00:00,4.0,2026-05-31T18:00:00,57.0,2026-05-31T18:00:00,0.0,0.0,0.0,20.6,14.299999999999999,11.5,3.64,2026-05-31T18:00:00,75.0,2026-05-31T18:00:00,875.92,2026-05-31T18:00:00,0.0,0.0,19.3,29.1,6.8
2026-05-31T17:21:08.593737+00:00,3.47,2026-05-31T19:15:00,4.0,2026-05-31T19:15:00,57.0,2026-05-31T19:15:00,0.6,0.0,0.1,17.6,14.8,4.5,3.64,2026-05-31T19:15:00,75.0,2026-05-31T19:15:00,875.92,2026-05-31T19:15:00,0.0,0.4,14.3,25.8,10.7
2026-05-31T18:43:11.572802+00:00,3.47,2026-05-31T20:30:00,4.0,2026-05-31T20:30:00,57.0,2026-05-31T20:30:00,0.5,0.7,0.0,16.4,14.8,5.4,3.64,2026-05-31T20:30:00,75.0,2026-05-31T20:30:00,875.92,2026-05-31T20:30:00,2.2,0.2,13.3,25.8,10.7
2026-05-31T19:55:26.337147+00:00,3.94,2026-05-31T21:45:00,4.0,2026-05-31T21:45:00,57.0,2026-05-31T21:45:00,0.0,0.0,0.0,16.1,11.299999999999999,7.8999999999999995,3.91,2026-05-31T21:45:00,76.0,2026-05-31T21:45:00,875.92,2026-05-31T21:45:00,0.1,0.1,13.2,29.5,18.7
2026-05-31T20:58:16.547646+00:00,4.44,2026-05-31T22:45:00,4.0,2026-05-31T22:45:00,57.0,2026-05-31T22:45:00,0.4,0.5,0.0,16.2,9.799999999999999,9.2,3.91,2026-05-31T22:45:00,76.0,2026-05-31T22:45:00,875.92,2026-05-31T22:45:00,0.8,0.0,13.1,27.6,16.900000000000002
2026-05-31T22:05:05.681050+00:00,4.44,2026-06-01T00:00:00,4.0,2026-06-01T00:00:00,57.0,2026-06-01T00:00:00,0.1,0.2,0.0,16.2,3.6999999999999997,3.0999999999999996,4.5,2026-06-01T00:00:00,78.0,2026-06-01T00:00:00,875.92,2026-06-01T00:00:00,0.1,0.0,13.0,11.0,4.0
2026-05-31T23:17:44.457934+00:00,3.94,2026-06-01T01:15:00,3.1,2026-06-01T01:15:00,52.0,2026-06-01T01:15:00,0.0,0.0,0.0,15.7,2.4,1.9,4.5,2026-06-01T01:00:00,78.0,2026-06-01T01:00:00,875.92,2026-06-01T01:15:00,1.2,0.0,12.5,16.7,12.6
2026-06-01T01:38:23.511963+00:00,4.44,2026-06-01T03:30:00,4.0,2026-06-01T03:30:00,57.0,2026-06-01T03:30:00,0.2,3.2,0.0,15.2,1.1,1.1,4.5,2026-06-01T03:30:00,78.0,2026-06-01T03:30:00,875.92,2026-06-01T03:30:00,0.0,0.8,12.0,28.7,22.3
2026-06-01T06:33:18.534014+00:00,3.7,2026-06-01T08:15:00,4.0,2026-06-01T08:15:00,57.0,2026-06-01T08:15:00,0.0,0.0,0.0,15.0,0.2,0.2,5.81,2026-06-01T08:15:00,82.0,2026-06-01T08:15:00,875.93,2026-06-01T08:15:00,0.0,0.0,10.9,8.0,7.6000000000000005
2026-06-01T12:22:03.339768+00:00,4.44,2026-06-01T14:15:00,4.0,2026-06-01T14:15:00,57.0,2026-06-01T14:15:00,0.0,0.0,0.0,18.5,0.0,0.0,4.2,2026-06-01T14:15:00,77.0,2026-06-01T14:15:00,875.93,2026-06-01T14:15:00,0.0,0.0,14.8,1.1,1.1
2026-06-01T18:23:21.508987+00:00,5.58,2026-06-01T20:15:00,4.0,2026-06-01T20:15:00,57.0,2026-06-01T20:15:00,0.0,0.0,0.0,17.7,0.0,0.0,4.5,2026-06-01T20:15:00,78.0,2026-06-01T20:15:00,875.93,2026-06-01T20:15:00,0.0,0.0,14.4,0.7,0.0
2026-06-01T21:48:47.116693+00:00,5.58,2026-06-01T23:45:00,4.0,2026-06-01T23:45:00,57.0,2026-06-01T23:45:00,0.0,0.0,0.0,13.9,0.3,0.0,4.2,2026-06-01T23:45:00,77.0,2026-06-01T23:45:00,875.93,2026-06-01T23:45:00,0.0,0.0,11.3,2.6,0.0
2026-06-01T23:26:20.339693+00:00,5.58,2026-06-02T01:15:00,4.0,2026-06-02T01:15:00,57.0,2026-06-02T01:15:00,0.0,0.0,0.0,11.0,3.0,0.0,4.2,2026-06-02T01:15:00,77.0,2026-06-02T01:15:00,875.93,2026-06-02T01:15:00,0.0,0.0,11.1,20.599999999999998,0.0
2026-06-02T01:58:53.333076+00:00,4.99,2026-06-02T03:45:00,3.8,2026-06-02T03:45:00,56.0,2026-06-02T03:45:00,0.0,0.0,0.0,10.9,7.5,0.0,4.5,2026-06-02T03:45:00,78.0,2026-06-02T03:45:00,875.93,2026-06-02T03:45:00,0.0,0.0,11.2,27.2,0.0
2026-06-02T06:50:00.031081+00:00,4.99,2026-06-02T08:45:00,4.0,2026-06-02T08:45:00,57.0,2026-06-02T08:45:00,0.0,0.0,0.0,16.0,,,2.67,2026-06-02T08:45:00,71.0,2026-06-02T08:45:00,875.93,2026-06-02T08:45:00,0.0,,14.6,,
2026-06-02T11:16:55.063251+00:00,4.99,2026-06-02T13:00:00,4.0,2026-06-02T13:00:00,57.0,2026-06-02T13:00:00,0.0,0.0,0.0,22.8,10.2,0.0,3.91,2026-06-02T13:00:00,76.0,2026-06-02T13:00:00,875.93,2026-06-02T13:00:00,0.0,0.0,18.5,40.4,0.2
2026-06-02T15:40:14.396367+00:00,4.99,2026-06-02T17:30:00,3.8,2026-06-02T17:30:00,56.0,2026-06-02T17:30:00,0.0,0.0,0.0,23.0,7.4,2.2,4.2,2026-06-02T17:30:00,77.0,2026-06-02T17:30:00,875.92,2026-06-02T17:30:00,0.0,0.0,19.3,26.2,6.6
2026-06-02T19:03:42.495587+00:00,4.99,2026-06-02T21:00:00,4.19,2026-06-02T21:00:00,58.0,2026-06-02T21:00:00,0.3,0.1,0.2,14.3,11.5,9.4,4.2,2026-06-02T21:00:00,77.0,2026-06-02T21:00:00,875.93,2026-06-02T21:00:00,1.3,0.1,10.8,28.5,11.8
2026-06-02T22:03:57.616342+00:00,4.71,2026-06-03T00:00:00,3.8,2026-06-03T00:00:00,56.0,2026-06-03T00:00:00,0.0,0.0,0.0,13.5,0.8,0.0,4.5,2026-06-03T00:00:00,78.0,2026-06-03T00:00:00,875.95,2026-06-03T00:00:00,0.0,0.0,10.9,11.700000000000001,1.3
2026-06-03T00:02:10.920618+00:00,4.71,2026-06-03T01:45:00,3.8,2026-06-03T01:45:00,56.0,2026-06-03T01:45:00,0.0,0.0,0.0,12.6,1.6,0.0,4.5,2026-06-03T01:45:00,78.0,2026-06-03T01:45:00,875.97,2026-06-03T01:45:00,0.0,0.0,9.7,11.5,3.9
2026-06-03T05:16:27.544087+00:00,4.44,2026-06-03T07:00:00,3.8,2026-06-03T07:00:00,56.0,2026-06-03T07:00:00,0.0,0.0,0.0,11.7,0.1,0.1,4.81,2026-06-03T07:00:00,79.0,2026-06-03T07:00:00,876.01,2026-06-03T07:00:00,0.0,0.0,8.2,9.2,7.7
2026-06-03T10:19:17.581303+00:00,4.71,2026-06-03T12:15:00,4.0,2026-06-03T12:15:00,57.0,2026-06-03T12:15:00,0.0,0.0,0.9,14.6,0.30000000000000004,0.30000000000000004,5.13,2026-06-03T12:15:00,80.0,2026-06-03T12:15:00,876.04,2026-06-03T12:15:00,0.0,0.0,9.8,0.5,0.1
2026-06-03T15:14:30.516958+00:00,4.99,2026-06-03T17:00:00,3.8,2026-06-03T17:00:00,56.0,2026-06-03T17:00:00,0.0,0.0,0.0,15.2,0.5,0.5,4.81,2026-06-03T17:00:00,79.0,2026-06-03T17:00:00,876.07,2026-06-03T17:00:00,0.0,0.0,11.6,0.0,0.0
2026-06-03T19:00:59.212212+00:00,5.58,2026-06-03T20:45:00,3.8,2026-06-03T20:45:00,56.0,2026-06-03T20:45:00,0.0,0.0,0.0,13.7,0.5,0.0,4.81,2026-06-03T20:45:00,79.0,2026-06-03T20:45:00,876.07,2026-06-03T20:45:00,0.0,0.0,9.8,0.1,0.0
2026-06-03T22:05:04.883436+00:00,5.58,2026-06-04T00:00:00,3.8,2026-06-04T00:00:00,56.0,2026-06-04T00:00:00,0.0,0.0,0.0,10.7,2.8,0.0,4.5,2026-06-04T00:00:00,78.0,2026-06-04T00:00:00,876.07,2026-06-04T00:00:00,0.0,0.0,7.9,4.0,0.0
2026-06-03T23:59:55.416488+00:00,5.58,2026-06-04T01:45:00,3.8,2026-06-04T01:45:00,56.0,2026-06-04T01:45:00,0.0,,,10.3,6.7,0.0,4.5,2026-06-04T01:45:00,78.0,2026-06-04T01:45:00,876.06,2026-06-04T01:45:00,0.0,0.0,8.5,6.0,0.0
2026-06-04T04:58:17.904940+00:00,5.28,2026-06-04T06:45:00,3.8,2026-06-04T06:45:00,56.0,2026-06-04T06:45:00,0.0,0.0,0.0,10.3,11.4,0.0,5.47,2026-06-04T06:45:00,81.0,2026-06-04T06:45:00,876.06,2026-06-04T06:45:00,0.0,0.0,9.9,21.0,0.0
2026-06-04T08:54:49.379764+00:00,4.71,2026-06-04T10:45:00,3.8,2026-06-04T10:45:00,56.0,2026-06-04T10:45:00,0.0,0.0,0.0,17.2,14.3,0.0,5.81,2026-06-04T10:45:00,82.0,2026-06-04T10:45:00,876.05,2026-06-04T10:45:00,0.0,0.0,14.5,24.7,0.0
2026-06-04T11:51:56.276236+00:00,4.44,2026-06-04T13:45:00,3.8,2026-06-04T13:45:00,56.0,2026-06-04T13:45:00,,,0.0,,,,5.81,2026-06-04T13:45:00,82.0,2026-06-04T13:45:00,876.05,2026-06-04T13:45:00,,,,23.3,0.0
2026-06-04T14:56:48.153486+00:00,4.71,2026-06-04T16:45:00,3.8,2026-06-04T16:45:00,56.0,2026-06-04T16:45:00,0.0,0.0,0.0,19.7,10.9,0.7,5.47,2026-06-04T16:45:00,81.0,2026-06-04T16:45:00,876.04,2026-06-04T16:45:00,0.0,0.0,15.4,20.7,0.9
2026-06-04T17:46:32.974341+00:00,4.18,2026-06-04T19:30:00,3.8,2026-06-04T19:30:00,56.0,2026-06-04T19:30:00,0.1,0.0,0.0,13.1,7.3,0.5,5.81,2026-06-04T19:30:00,82.0,2026-06-04T19:30:00,876.04,2026-06-04T19:30:00,0.0,0.0,10.0,18.7,1.4
2026-06-04T20:03:39.717732+00:00,4.44,2026-06-04T22:00:00,3.8,2026-06-04T22:00:00,56.0,2026-06-04T22:00:00,0.0,0.0,0.0,11.9,4.4,0.9,5.13,2026-06-04T22:00:00,80.0,2026-06-04T22:00:00,876.04,2026-06-04T22:00:00,0.0,0.0,8.4,12.6,3.1999999999999997
2026-06-04T21:53:07.527175+00:00,4.44,2026-06-04T23:45:00,3.8,2026-06-04T23:45:00,56.0,2026-06-04T23:45:00,0.1,0.1,0.1,11.1,4.3,1.5,5.13,2026-06-04T23:45:00,80.0,2026-06-04T23:45:00,876.04,2026-06-04T23:45:00,0.2,0.2,7.8,12.5,6.6
2026-06-04T23:07:47.672280+00:00,4.44,2026-06-05T01:00:00,3.44,2026-06-05T01:00:00,54.0,2026-06-05T01:00:00,0.2,0.4,0.7,10.6,5.4,5.3,4.81,2026-06-05T01:00:00,79.0,2026-06-05T01:00:00,876.04,2026-06-05T01:00:00,0.8,0.6,7.3,13.200000000000001,12.3
2026-06-05T00:20:23.541498+00:00,4.71,2026-06-05T02:15:00,4.0,2026-06-05T02:15:00,57.0,2026-06-05T02:15:00,0.1,0.2,0.2,10.3,5.4,5.3,5.13,2026-06-05T02:15:00,80.0,2026-06-05T02:15:00,876.04,2026-06-05T02:15:00,0.5,0.2,6.9,13.200000000000001,12.3
2026-06-05T04:56:04.693039+00:00,5.28,2026-06-05T06:45:00,3.8,2026-06-05T06:45:00,56.0,2026-06-05T06:45:00,0.0,0.1,0.0,9.0,1.3,1.3,5.47,2026-06-05T06:45:00,81.0,2026-06-05T06:45:00,876.06,2026-06-05T06:45:00,0.1,0.0,6.4,3.8000000000000003,3.8000000000000003
2026-06-05T08:43:07.481957+00:00,6.88,2026-06-05T10:30:00,3.8,2026-06-05T10:30:00,56.0,2026-06-05T10:30:00,0.0,0.0,0.0,13.4,0.0,0.0,5.81,2026-06-05T10:30:00,82.0,2026-06-05T10:30:00,876.1,2026-06-05T10:30:00,0.0,0.0,9.4,0.1,0.0
2026-06-05T11:50:32.663959+00:00,6.56,2026-06-05T13:45:00,3.8,2026-06-05T13:45:00,56.0,2026-06-05T13:45:00,0.0,0.0,0.0,16.6,0.0,0.0,7.3,2026-06-05T13:45:00,86.0,2026-06-05T13:45:00,876.11,2026-06-05T13:45:00,0.0,0.0,12.6,0.0,0.0
2026-06-05T14:47:12.218951+00:00,6.88,2026-06-05T16:30:00,3.8,2026-06-05T16:30:00,56.0,2026-06-05T16:30:00,0.0,0.0,0.0,16.8,0.0,0.0,7.7,2026-06-05T16:30:00,87.0,2026-06-05T16:30:00,876.1,2026-06-05T16:30:00,0.0,0.0,12.5,0.0,0.0
2026-06-05T17:14:04.257265+00:00,6.88,2026-06-05T19:00:00,3.8,2026-06-05T19:00:00,56.0,2026-06-05T19:00:00,0.0,0.0,0.0,16.2,0.0,0.0,8.12,2026-06-05T19:00:00,88.0,2026-06-05T19:00:00,876.1,2026-06-05T19:00:00,0.0,0.0,12.0,0.5,0.0
2026-06-05T19:11:31.742292+00:00,6.56,2026-06-05T21:00:00,3.8,2026-06-05T21:00:00,56.0,2026-06-05T21:00:00,0.0,0.0,0.0,13.7,0.0,0.0,8.52,2026-06-05T21:00:00,89.0,2026-06-05T21:00:00,876.09,2026-06-05T21:00:00,0.0,0.0,9.8,0.5,0.0
2026-06-05T20:56:25.442603+00:00,7.24,2026-06-05T22:45:00,3.8,2026-06-05T22:45:00,56.0,2026-06-05T22:45:00,0.0,0.0,0.0,12.4,0.0,0.0,8.97,2026-06-05T22:45:00,90.0,2026-06-05T22:45:00,876.09,2026-06-05T22:45:00,0.0,0.0,9.3,0.5,0.0
2026-06-05T22:15:24.360857+00:00,7.24,2026-06-06T00:00:00,3.8,2026-06-06T00:00:00,56.0,2026-06-06T00:00:00,0.0,0.0,0.0,10.4,0.0,0.0,8.97,2026-06-06T00:00:00,90.0,2026-06-06T00:00:00,876.09,2026-06-06T00:00:00,0.0,0.0,8.3,0.5,0.0
2026-06-05T23:45:37.624980+00:00,7.24,2026-06-06T01:30:00,3.8,2026-06-06T01:30:00,56.0,2026-06-06T01:30:00,0.0,0.0,0.0,10.5,0.1,0.0,8.97,2026-06-06T01:30:00,90.0,2026-06-06T01:30:00,876.08,2026-06-06T01:30:00,0.0,0.0,8.3,1.2,0.0
2026-06-06T02:56:48.547160+00:00,7.24,2026-06-06T04:45:00,3.8,2026-06-06T04:45:00,56.0,2026-06-06T04:45:00,0.0,0.0,0.0,8.7,0.1,0.0,8.12,2026-06-06T04:45:00,88.0,2026-06-06T04:45:00,876.07,2026-06-06T04:45:00,0.0,0.0,7.9,0.1,0.0
2026-06-06T06:32:02.078780+00:00,7.99,2026-06-06T08:15:00,3.8,2026-06-06T08:15:00,56.0,2026-06-06T08:15:00,0.0,0.0,0.0,12.2,0.1,0.0,7.7,2026-06-06T08:15:00,87.0,2026-06-06T08:15:00,876.06,2026-06-06T08:15:00,0.0,0.0,12.4,0.2,0.1
2026-06-06T09:12:32.987246+00:00,8.32,2026-06-06T11:00:00,3.8,2026-06-06T11:00:00,56.0,2026-06-06T11:00:00,0.0,0.0,0.0,17.7,0.0,0.0,7.3,2026-06-06T11:00:00,86.0,2026-06-06T11:00:00,876.06,2026-06-06T11:00:00,0.0,0.0,14.8,0.30000000000000004,0.0
2026-06-06T10:59:52.266104+00:00,8.32,2026-06-06T12:45:00,3.8,2026-06-06T12:45:00,56.0,2026-06-06T12:45:00,0.0,0.0,0.0,18.7,0.30000000000000004,0.1,6.92,2026-06-06T12:45:00,85.0,2026-06-06T12:45:00,876.05,2026-06-06T12:45:00,0.0,0.0,14.3,0.2,0.0
2026-06-06T12:12:08.017796+00:00,7.99,2026-06-06T14:00:00,3.8,2026-06-06T14:00:00,56.0,2026-06-06T14:00:00,0.0,0.0,0.0,19.9,0.30000000000000004,0.1,6.53,2026-06-06T14:00:00,84.0,2026-06-06T14:00:00,876.05,2026-06-06T14:00:00,0.0,0.0,15.4,0.2,0.2
2026-06-06T14:08:55.178374+00:00,6.88,2026-06-06T16:00:00,3.8,2026-06-06T16:00:00,56.0,2026-06-06T16:00:00,0.0,0.0,0.0,20.1,2.0,0.0,6.53,2026-06-06T16:00:00,84.0,2026-06-06T16:00:00,876.05,2026-06-06T16:00:00,0.0,0.0,15.6,0.0,0.0
2026-06-06T15:40:07.262579+00:00,6.56,2026-06-06T17:30:00,3.8,2026-06-06T17:30:00,56.0,2026-06-06T17:30:00,0.0,0.0,0.0,20.5,2.0,0.0,6.17,2026-06-06T17:30:00,83.0,2026-06-06T17:30:00,876.05,2026-06-06T17:30:00,0.0,0.0,15.8,0.0,0.0
2026-06-06T16:46:31.415528+00:00,6.21,2026-06-06T18:30:00,3.8,2026-06-06T18:30:00,56.0,2026-06-06T18:30:00,0.0,0.0,0.0,20.4,0.0,0.0,6.17,2026-06-06T18:30:00,83.0,2026-06-06T18:30:00,876.05,2026-06-06T18:30:00,0.0,0.0,16.1,0.1,0.0
2026-06-06T18:04:18.867797+00:00,6.21,2026-06-06T20:00:00,3.8,2026-06-06T20:00:00,56.0,2026-06-06T20:00:00,0.0,0.0,0.0,19.5,0.0,0.0,6.17,2026-06-06T20:00:00,83.0,2026-06-06T20:00:00,876.05,2026-06-06T20:00:00,0.0,0.0,15.3,0.1,0.0
2026-06-06T19:46:21.519232+00:00,5.58,2026-06-06T21:30:00,3.8,2026-06-06T21:30:00,56.0,2026-06-06T21:30:00,0.0,0.0,0.0,17.0,0.0,0.0,5.81,2026-06-06T21:30:00,82.0,2026-06-06T21:30:00,876.04,2026-06-06T21:30:00,0.0,0.0,13.4,0.7,0.5
2026-06-06T21:02:40.775279+00:00,5.28,2026-06-06T22:45:00,3.8,2026-06-06T23:00:00,56.0,2026-06-06T23:00:00,0.0,0.0,0.0,15.8,0.0,0.0,5.81,2026-06-06T23:00:00,82.0,2026-06-06T23:00:00,876.04,2026-06-06T22:45:00,0.0,0.0,11.9,0.7,0.7
2026-06-06T22:15:57.601057+00:00,5.28,2026-06-07T00:00:00,3.8,2026-06-07T00:00:00,56.0,2026-06-07T00:00:00,0.0,0.0,0.0,16.1,0.0,0.0,5.81,2026-06-07T00:00:00,82.0,2026-06-07T00:00:00,876.04,2026-06-07T00:00:00,0.2,0.0,11.9,0.7,0.7
2026-06-06T23:35:39.831313+00:00,5.28,2026-06-07T01:30:00,3.8,2026-06-07T01:30:00,56.0,2026-06-07T01:30:00,0.0,0.0,0.0,15.4,1.0,1.0,5.47,2026-06-07T01:30:00,81.0,2026-06-07T01:30:00,876.04,2026-06-07T01:30:00,0.0,0.0,11.9,0.2,0.1
2026-06-07T01:55:13.555045+00:00,5.28,2026-06-07T03:45:00,3.8,2026-06-07T03:45:00,56.0,2026-06-07T03:45:00,0.0,0.2,0.0,15.6,0.5,0.5,5.47,2026-06-07T03:45:00,81.0,2026-06-07T03:45:00,876.04,2026-06-07T03:45:00,0.0,0.0,11.8,0.4,0.4
2026-06-07T06:22:56.974856+00:00,5.58,2026-06-07T08:15:00,4.0,2026-06-07T08:15:00,57.0,2026-06-07T08:15:00,0.0,0.0,0.0,15.0,0.0,0.0,5.47,2026-06-07T08:15:00,81.0,2026-06-07T08:15:00,876.04,2026-06-07T08:15:00,0.0,0.0,12.0,0.0,0.0
2026-06-07T09:46:03.394552+00:00,5.58,2026-06-07T11:30:00,3.8,2026-06-07T11:30:00,56.0,2026-06-07T11:30:00,0.0,0.0,0.0,18.4,0.0,0.0,5.13,2026-06-07T11:30:00,80.0,2026-06-07T11:30:00,876.03,2026-06-07T11:30:00,0.0,0.0,14.7,0.0,0.0
2026-06-07T11:47:09.181646+00:00,5.58,2026-06-07T13:30:00,3.8,2026-06-07T13:30:00,56.0,2026-06-07T13:30:00,0.0,0.0,0.0,20.8,0.0,0.0,5.13,2026-06-07T13:30:00,80.0,2026-06-07T13:30:00,876.03,2026-06-07T13:30:00,0.0,0.0,16.9,0.0,0.0
2026-06-07T13:49:06.154714+00:00,5.28,2026-06-07T15:45:00,3.8,2026-06-07T15:45:00,56.0,2026-06-07T15:45:00,0.0,0.0,0.0,21.9,0.0,0.0,4.81,2026-06-07T15:45:00,79.0,2026-06-07T15:45:00,876.03,2026-06-07T15:45:00,0.0,0.0,17.6,0.0,0.0
2026-06-07T15:23:37.540591+00:00,4.99,2026-06-07T17:15:00,3.8,2026-06-07T17:15:00,56.0,2026-06-07T17:15:00,0.0,0.0,0.0,21.6,0.0,0.0,4.81,2026-06-07T17:15:00,79.0,2026-06-07T17:15:00,876.03,2026-06-07T17:15:00,0.0,0.0,17.4,0.0,0.0
2026-06-07T16:51:01.353618+00:00,4.99,2026-06-07T18:45:00,3.8,2026-06-07T18:45:00,56.0,2026-06-07T18:45:00,0.0,0.0,0.0,21.1,0.0,0.0,4.81,2026-06-07T18:45:00,79.0,2026-06-07T18:45:00,876.03,2026-06-07T18:45:00,0.0,0.0,16.9,0.0,0.0
2026-06-07T18:02:34.753326+00:00,4.44,2026-06-07T20:00:00,3.44,2026-06-07T20:00:00,54.0,2026-06-07T20:00:00,0.0,0.0,0.0,20.1,0.0,0.0,4.81,2026-06-07T19:45:00,79.0,2026-06-07T19:45:00,876.03,2026-06-07T19:45:00,0.0,0.0,15.6,0.0,0.0
2026-06-07T19:46:06.631446+00:00,4.99,2026-06-07T21:30:00,3.8,2026-06-07T21:30:00,56.0,2026-06-07T21:30:00,0.0,0.0,0.0,17.4,0.0,0.0,4.5,2026-06-07T21:30:00,78.0,2026-06-07T21:30:00,876.03,2026-06-07T21:30:00,0.0,0.0,13.7,0.0,0.0
2026-06-07T21:10:36.779106+00:00,4.44,2026-06-07T23:00:00,3.8,2026-06-07T23:00:00,56.0,2026-06-07T23:00:00,0.0,0.0,0.0,15.1,0.0,0.0,4.81,2026-06-07T23:00:00,79.0,2026-06-07T23:00:00,876.03,2026-06-07T23:00:00,0.0,0.0,12.6,0.0,0.0
2026-06-07T22:17:48.007980+00:00,4.44,2026-06-08T00:00:00,3.8,2026-06-08T00:15:00,56.0,2026-06-08T00:15:00,0.0,0.0,0.0,14.2,3.2,0.0,4.5,2026-06-08T00:00:00,78.0,2026-06-08T00:00:00,876.05,2026-06-08T00:15:00,0.0,0.0,12.3,2.1,0.0
2026-06-07T23:35:57.871850+00:00,4.44,2026-06-08T01:30:00,3.44,2026-06-08T01:30:00,54.0,2026-06-08T01:30:00,0.0,0.0,0.0,14.2,1.9,0.0,4.5,2026-06-08T01:30:00,78.0,2026-06-08T01:30:00,876.03,2026-06-08T01:30:00,0.0,0.0,12.3,1.1,0.0
2026-06-08T02:00:43.016940+00:00,4.44,2026-06-08T03:45:00,3.8,2026-06-08T03:45:00,56.0,2026-06-08T03:45:00,0.0,0.0,0.0,10.9,8.700000000000001,0.0,4.5,2026-06-08T03:45:00,78.0,2026-06-08T03:45:00,876.03,2026-06-08T03:45:00,0.0,0.0,11.2,11.9,0.0
2026-06-08T07:03:24.000010+00:00,4.18,2026-06-08T08:45:00,3.8,2026-06-08T09:00:00,56.0,2026-06-08T09:00:00,0.0,0.0,0.0,17.5,4.7,0.0,2.67,2026-06-08T09:00:00,71.0,2026-06-08T09:00:00,876.03,2026-06-08T08:45:00,0.0,0.0,16.3,6.8,0.0
2026-06-08T13:48:54.648375+00:00,4.18,2026-06-08T15:45:00,3.8,2026-06-08T15:45:00,56.0,2026-06-08T15:45:00,0.0,0.0,0.0,25.0,19.7,0.0,3.91,2026-06-08T15:45:00,76.0,2026-06-08T15:45:00,876.03,2026-06-08T15:45:00,0.0,0.0,21.0,8.2,0.0
2026-06-08T13:52:31.946126+00:00,4.18,2026-06-08T15:45:00,3.8,2026-06-08T15:45:00,56.0,2026-06-08T15:45:00,0.0,0.0,0.0,25.0,19.7,0.0,3.91,2026-06-08T15:45:00,76.0,2026-06-08T15:45:00,876.03,2026-06-08T15:45:00,0.0,0.0,21.0,8.2,0.0
2026-06-08T13:58:14.357640+00:00,4.18,2026-06-08T15:45:00,3.8,2026-06-08T15:45:00,56.0,2026-06-08T15:45:00,0.0,0.0,0.0,25.0,19.7,0.0,3.91,2026-06-08T15:45:00,76.0,2026-06-08T15:45:00,876.03,2026-06-08T15:45:00,0.0,0.0,21.0,8.2,0.0
2026-06-08T14:21:46.281739+00:00,4.18,2026-06-08T16:15:00,3.8,2026-06-08T16:15:00,56.0,2026-06-08T16:15:00,0.0,0.0,0.0,24.9,19.7,0.0,3.91,2026-06-08T16:15:00,76.0,2026-06-08T16:15:00,876.03,2026-06-08T16:15:00,0.0,0.0,20.9,8.2,0.0
2026-06-08T17:21:53.654846+00:00,4.18,2026-06-08T19:15:00,3.8,2026-06-08T19:15:00,56.0,2026-06-08T19:15:00,0.0,0.0,0.0,23.3,16.8,1.5,3.91,2026-06-08T19:15:00,76.0,2026-06-08T19:15:00,876.03,2026-06-08T19:15:00,0.0,0.0,18.6,13.8,0.5
2026-06-08T17:33:05.329878+00:00,4.18,2026-06-08T19:15:00,3.8,2026-06-08T19:15:00,56.0,2026-06-08T19:15:00,0.0,0.0,0.0,23.1,16.8,1.5,3.91,2026-06-08T19:30:00,76.0,2026-06-08T19:30:00,876.03,2026-06-08T19:15:00,0.0,0.0,18.2,13.8,0.5
2026-06-08T17:37:52.616454+00:00,4.18,2026-06-08T19:30:00,3.8,2026-06-08T19:30:00,56.0,2026-06-08T19:30:00,0.0,0.0,0.0,23.1,16.8,1.5,3.91,2026-06-08T19:30:00,76.0,2026-06-08T19:30:00,876.03,2026-06-08T19:30:00,0.0,0.0,18.2,13.8,0.5
2026-06-08T18:07:53.046496+00:00,4.18,2026-06-08T20:00:00,3.8,2026-06-08T20:00:00,56.0,2026-06-08T20:00:00,0.0,0.0,0.0,22.5,16.8,5.0,3.91,2026-06-08T20:00:00,76.0,2026-06-08T20:00:00,876.03,2026-06-08T20:00:00,0.0,0.0,17.4,14.5,5.8
2026-06-08T19:50:12.718048+00:00,4.44,2026-06-08T21:45:00,4.0,2026-06-08T21:45:00,57.0,2026-06-08T21:45:00,0.2,0.1,0.0,17.6,16.9,5.5,3.91,2026-06-08T21:45:00,76.0,2026-06-08T21:45:00,876.03,2026-06-08T21:45:00,0.0,0.1,15.0,14.9,6.7
2026-06-08T20:00:02.680027+00:00,4.44,2026-06-08T21:45:00,4.0,2026-06-08T21:45:00,57.0,2026-06-08T21:45:00,,0.0,0.0,,7.2,0.9,3.91,2026-06-08T21:45:00,76.0,2026-06-08T21:45:00,876.03,2026-06-08T21:45:00,0.0,0.0,13.1,15.8,4.7
2026-06-08T20:35:30.522682+00:00,4.44,2026-06-08T22:30:00,4.0,2026-06-08T22:30:00,57.0,2026-06-08T22:30:00,0.0,0.0,0.0,16.8,7.2,0.9,4.2,2026-06-08T22:30:00,77.0,2026-06-08T22:30:00,876.03,2026-06-08T22:30:00,0.1,0.0,13.0,15.8,4.7
2026-06-08T20:37:55.553226+00:00,4.44,2026-06-08T22:30:00,4.0,2026-06-08T22:30:00,57.0,2026-06-08T22:30:00,0.0,0.0,0.0,16.8,7.2,0.9,4.2,2026-06-08T22:30:00,77.0,2026-06-08T22:30:00,876.03,2026-06-08T22:30:00,0.1,0.0,13.0,15.8,4.7
2026-06-08T21:51:46.970014+00:00,4.44,2026-06-08T23:45:00,3.8,2026-06-08T23:45:00,56.0,2026-06-08T23:45:00,0.0,0.1,0.0,15.5,8.5,0.9,4.2,2026-06-08T23:45:00,77.0,2026-06-08T23:45:00,876.03,2026-06-08T23:45:00,0.0,0.0,12.8,15.9,4.9
2026-06-08T22:14:14.238536+00:00,4.44,2026-06-09T00:00:00,3.8,2026-06-09T00:00:00,56.0,2026-06-09T00:00:00,0.0,0.0,0.0,15.3,9.3,0.4,4.2,2026-06-09T00:00:00,77.0,2026-06-09T00:00:00,876.03,2026-06-09T00:00:00,0.0,0.0,12.8,12.0,0.7
2026-06-08T22:47:48.474076+00:00,4.71,2026-06-09T00:45:00,3.8,2026-06-09T00:30:00,56.0,2026-06-09T00:30:00,0.0,0.0,0.0,15.4,8.2,0.1,4.2,2026-06-09T00:45:00,77.0,2026-06-09T00:45:00,876.03,2026-06-09T00:30:00,0.0,0.0,13.1,20.2,3.6999999999999997
2026-06-08T22:54:18.878237+00:00,4.71,2026-06-09T00:45:00,3.8,2026-06-09T00:45:00,56.0,2026-06-09T00:45:00,0.0,0.0,0.0,15.4,8.2,0.1,4.2,2026-06-09T00:45:00,77.0,2026-06-09T00:45:00,876.03,2026-06-09T00:45:00,0.0,0.0,13.1,20.2,3.6999999999999997
2026-06-08T23:07:00.296980+00:00,4.71,2026-06-09T01:00:00,3.62,2026-06-09T01:00:00,55.0,2026-06-09T01:00:00,0.0,0.0,0.0,15.3,8.2,0.1,4.2,2026-06-09T01:00:00,77.0,2026-06-09T01:00:00,876.03,2026-06-09T01:00:00,0.2,0.0,13.0,20.2,3.6999999999999997
2026-06-08T23:50:04.941621+00:00,4.44,2026-06-09T01:45:00,4.0,2026-06-09T01:45:00,57.0,2026-06-09T01:45:00,0.0,0.1,0.0,15.1,8.2,0.1,4.2,2026-06-09T01:45:00,77.0,2026-06-09T01:45:00,876.03,2026-06-09T01:45:00,0.0,0.2,13.2,20.2,3.6999999999999997
2026-06-09T00:18:19.684579+00:00,4.44,2026-06-09T02:00:00,3.8,2026-06-09T02:00:00,56.0,2026-06-09T02:00:00,0.0,0.0,0.0,15.1,8.2,0.1,4.2,2026-06-09T02:00:00,77.0,2026-06-09T02:00:00,876.03,2026-06-09T02:00:00,0.0,0.1,13.3,20.2,3.6999999999999997
2026-06-09T01:26:36.428744+00:00,4.44,2026-06-09T03:15:00,3.8,2026-06-09T03:15:00,56.0,2026-06-09T03:15:00,0.0,0.0,0.2,15.4,8.7,0.4,4.2,2026-06-09T03:15:00,77.0,2026-06-09T03:15:00,876.03,2026-06-09T03:15:00,0.1,0.0,13.1,17.7,0.9
2026-06-09T01:58:16.388831+00:00,4.18,2026-06-09T03:45:00,3.8,2026-06-09T03:45:00,56.0,2026-06-09T03:45:00,0.0,0.0,0.0,15.4,10.7,0.2,4.2,2026-06-09T03:45:00,77.0,2026-06-09T03:45:00,876.03,2026-06-09T03:45:00,0.0,0.0,12.6,17.6,0.6
2026-06-09T04:50:04.000710+00:00,3.7,2026-06-09T06:45:00,3.8,2026-06-09T06:45:00,56.0,2026-06-09T06:45:00,0.9,0.0,0.2,15.4,10.4,3.8,4.2,2026-06-09T06:45:00,77.0,2026-06-09T06:45:00,876.03,2026-06-09T06:45:00,0.1,0.5,12.3,13.1,1.9000000000000001
2026-06-09T05:16:29.201801+00:00,3.7,2026-06-09T07:00:00,3.8,2026-06-09T07:00:00,56.0,2026-06-09T07:00:00,0.1,0.2,0.0,15.2,11.4,4.0,4.2,2026-06-09T07:00:00,77.0,2026-06-09T07:00:00,876.03,2026-06-09T07:00:00,0.1,0.3,12.0,14.200000000000001,3.8
2026-06-09T05:39:59.295330+00:00,3.7,2026-06-09T07:30:00,4.0,2026-06-09T07:30:00,57.0,2026-06-09T07:30:00,0.1,0.1,0.0,15.1,,,3.91,2026-06-09T07:30:00,76.0,2026-06-09T07:30:00,876.03,2026-06-09T07:30:00,0.1,,11.9,,
2026-06-09T06:07:34.258302+00:00,3.7,2026-06-09T08:00:00,3.8,2026-06-09T08:00:00,56.0,2026-06-09T08:00:00,0.0,0.0,0.0,14.9,12.1,3.9,3.91,2026-06-09T08:00:00,76.0,2026-06-09T08:00:00,876.03,2026-06-09T08:00:00,0.3,0.0,11.6,15.1,4.1
2026-06-09T08:49:14.728895+00:00,5.28,2026-06-09T10:45:00,4.0,2026-06-09T10:45:00,57.0,2026-06-09T10:45:00,0.0,0.0,0.5,14.7,12.1,0.8999999999999999,4.5,2026-06-09T10:45:00,78.0,2026-06-09T10:45:00,876.04,2026-06-09T10:45:00,0.0,0.0,10.6,18.3,8.5
2026-06-09T10:01:52.692362+00:00,4.99,2026-06-09T11:45:00,4.19,2026-06-09T11:45:00,58.0,2026-06-09T11:45:00,0.0,0.0,0.0,14.9,12.2,0.5,4.5,2026-06-09T11:45:00,78.0,2026-06-09T11:45:00,876.04,2026-06-09T11:45:00,0.0,0.0,10.9,11.9,1.4
2026-06-09T10:07:16.869221+00:00,4.99,2026-06-09T12:00:00,4.19,2026-06-09T12:00:00,58.0,2026-06-09T12:00:00,0.0,0.0,0.0,14.9,12.2,0.5,4.5,2026-06-09T12:00:00,78.0,2026-06-09T12:00:00,876.04,2026-06-09T12:00:00,0.0,0.0,10.9,11.9,1.4
2026-06-09T10:26:56.433881+00:00,4.99,2026-06-09T12:15:00,4.0,2026-06-09T12:15:00,57.0,2026-06-09T12:15:00,0.0,0.0,0.0,14.6,6.5,0.5,4.5,2026-06-09T12:15:00,78.0,2026-06-09T12:15:00,876.04,2026-06-09T12:15:00,0.0,0.0,10.7,9.5,1.2
2026-06-09T12:24:57.679285+00:00,5.28,2026-06-09T14:15:00,3.8,2026-06-09T14:15:00,56.0,2026-06-09T14:15:00,0.0,0.0,0.0,13.1,6.9,1.0,4.5,2026-06-09T14:15:00,78.0,2026-06-09T14:15:00,876.04,2026-06-09T14:15:00,0.0,0.0,10.7,9.0,2.9
2026-06-09T12:50:30.249811+00:00,5.28,2026-06-09T14:45:00,3.8,2026-06-09T14:45:00,56.0,2026-06-09T14:45:00,0.2,0.1,0.2,12.7,6.9,1.0,4.5,2026-06-09T14:45:00,78.0,2026-06-09T14:45:00,876.04,2026-06-09T14:45:00,0.0,0.0,10.6,9.0,2.9
2026-06-09T13:21:42.062340+00:00,4.99,2026-06-09T15:15:00,3.8,2026-06-09T15:15:00,56.0,2026-06-09T15:15:00,0.2,0.1,0.1,12.6,7.2,1.7,4.81,2026-06-09T15:15:00,79.0,2026-06-09T15:15:00,876.04,2026-06-09T15:15:00,0.0,0.2,10.4,9.3,3.6
2026-06-09T13:36:57.147864+00:00,4.99,2026-06-09T15:30:00,3.8,2026-06-09T15:30:00,56.0,2026-06-09T15:30:00,0.0,0.2,0.1,12.7,7.2,1.7,4.81,2026-06-09T15:30:00,79.0,2026-06-09T15:30:00,876.04,2026-06-09T15:30:00,0.1,0.1,10.3,9.3,3.6
2026-06-09T15:43:49.725406+00:00,4.44,2026-06-09T17:30:00,3.8,2026-06-09T17:30:00,56.0,2026-06-09T17:30:00,0.1,0.0,0.0,12.9,4.5,1.1,4.81,2026-06-09T17:30:00,79.0,2026-06-09T17:30:00,876.04,2026-06-09T17:30:00,0.2,0.0,10.0,9.0,2.3
2026-06-09T16:12:48.469363+00:00,4.44,2026-06-09T18:00:00,3.8,2026-06-09T18:00:00,56.0,2026-06-09T18:00:00,0.2,0.0,0.0,12.9,4.5,1.1,4.81,2026-06-09T18:00:00,79.0,2026-06-09T18:00:00,876.04,2026-06-09T18:00:00,0.1,0.0,9.8,9.2,2.5
2026-06-09T16:16:31.596442+00:00,4.44,2026-06-09T18:00:00,3.8,2026-06-09T18:00:00,56.0,2026-06-09T18:00:00,0.0,0.0,0.0,12.9,4.5,1.1,4.81,2026-06-09T18:00:00,79.0,2026-06-09T18:00:00,876.04,2026-06-09T18:00:00,0.2,0.0,9.7,9.2,2.5
2026-06-09T16:24:49.707557+00:00,4.44,2026-06-09T18:15:00,4.0,2026-06-09T18:15:00,57.0,2026-06-09T18:15:00,0.0,0.0,0.0,12.9,4.5,1.1,4.81,2026-06-09T18:15:00,79.0,2026-06-09T18:15:00,876.04,2026-06-09T18:15:00,0.2,0.0,9.7,9.2,2.5
2026-06-09T17:36:24.582190+00:00,4.44,2026-06-09T19:30:00,3.8,2026-06-09T19:30:00,56.0,2026-06-09T19:30:00,0.1,0.1,0.0,12.5,10.8,0.9,4.81,2026-06-09T19:30:00,79.0,2026-06-09T19:30:00,876.04,2026-06-09T19:30:00,0.1,0.0,9.3,5.7,0.8
2026-06-09T18:21:06.947131+00:00,4.44,2026-06-09T20:15:00,3.8,2026-06-09T20:15:00,56.0,2026-06-09T20:15:00,0.0,0.0,0.0,12.5,12.4,0.9,5.13,2026-06-09T20:15:00,80.0,2026-06-09T20:15:00,876.05,2026-06-09T20:15:00,0.1,0.0,9.2,9.9,0.8
2026-06-09T18:28:05.771459+00:00,4.44,2026-06-09T20:15:00,3.8,2026-06-09T20:15:00,56.0,2026-06-09T20:15:00,0.0,0.0,0.0,12.5,12.4,0.9,5.13,2026-06-09T20:15:00,80.0,2026-06-09T20:15:00,876.05,2026-06-09T20:15:00,0.1,0.0,9.2,9.9,0.8
2026-06-09T19:06:23.620713+00:00,4.18,2026-06-09T21:00:00,3.8,2026-06-09T21:00:00,56.0,2026-06-09T21:00:00,0.0,0.1,0.0,12.3,12.8,0.8,5.13,2026-06-09T21:00:00,80.0,2026-06-09T21:00:00,876.05,2026-06-09T21:00:00,0.0,0.1,9.0,13.6,0.8
2026-06-09T19:37:36.149235+00:00,3.94,2026-06-09T21:30:00,4.0,2026-06-09T21:30:00,57.0,2026-06-09T21:30:00,0.0,0.0,0.0,12.2,12.8,0.8,5.13,2026-06-09T21:30:00,80.0,2026-06-09T21:30:00,876.05,2026-06-09T21:30:00,0.0,0.0,9.0,13.6,0.8
2026-06-09T20:27:03.611405+00:00,3.7,2026-06-09T22:15:00,3.8,2026-06-09T22:15:00,56.0,2026-06-09T22:15:00,0.0,0.0,0.0,12.2,14.5,0.4,5.13,2026-06-09T22:15:00,80.0,2026-06-09T22:15:00,876.05,2026-06-09T22:15:00,0.0,0.0,9.0,14.200000000000001,0.4
2026-06-09T21:07:35.956603+00:00,3.47,2026-06-09T23:00:00,3.8,2026-06-09T23:00:00,56.0,2026-06-09T23:00:00,0.0,0.0,0.0,12.0,15.0,0.30000000000000004,5.13,2026-06-09T23:00:00,80.0,2026-06-09T23:00:00,876.05,2026-06-09T23:00:00,0.0,0.0,8.9,14.1,0.30000000000000004
2026-06-09T21:23:16.022904+00:00,3.26,2026-06-09T23:15:00,3.8,2026-06-09T23:15:00,56.0,2026-06-09T23:15:00,0.0,0.0,0.0,11.9,15.0,0.30000000000000004,5.13,2026-06-09T23:15:00,80.0,2026-06-09T23:15:00,876.05,2026-06-09T23:15:00,0.0,0.0,8.9,14.1,0.30000000000000004
2026-06-09T21:29:02.960425+00:00,3.26,2026-06-09T23:15:00,3.8,2026-06-09T23:15:00,56.0,2026-06-09T23:15:00,0.0,0.0,0.0,11.9,15.0,0.30000000000000004,5.13,2026-06-09T23:15:00,80.0,2026-06-09T23:15:00,876.05,2026-06-09T23:15:00,0.0,0.0,8.9,14.1,0.30000000000000004
2026-06-09T22:04:53.064165+00:00,2.86,2026-06-10T00:00:00,3.8,2026-06-10T00:00:00,56.0,2026-06-10T00:00:00,0.0,0.0,0.0,11.6,14.8,0.4,5.13,2026-06-10T00:00:00,80.0,2026-06-10T00:00:00,876.05,2026-06-10T00:00:00,0.0,0.0,8.9,14.5,1.2
2026-06-09T22:47:15.108752+00:00,2.86,2026-06-10T00:30:00,3.8,2026-06-10T00:30:00,56.0,2026-06-10T00:30:00,0.0,0.0,0.0,11.5,15.200000000000001,0.6,5.13,2026-06-10T00:30:00,80.0,2026-06-10T00:30:00,876.05,2026-06-10T00:30:00,0.0,0.0,8.7,19.3,1.7
2026-06-09T23:04:17.615319+00:00,3.05,2026-06-10T01:00:00,4.19,2026-06-10T01:00:00,58.0,2026-06-10T01:00:00,0.0,0.1,0.0,11.4,15.200000000000001,0.6,5.13,2026-06-10T01:00:00,80.0,2026-06-10T01:00:00,876.05,2026-06-10T01:00:00,0.0,0.0,8.7,19.3,1.7
2026-06-09T23:09:16.001286+00:00,3.05,2026-06-10T01:00:00,4.19,2026-06-10T01:00:00,58.0,2026-06-10T01:00:00,0.0,0.1,0.0,11.4,15.200000000000001,0.6,5.13,2026-06-10T01:00:00,80.0,2026-06-10T01:00:00,876.05,2026-06-10T01:00:00,0.0,0.0,8.7,19.3,1.7
2026-06-09T23:48:37.756375+00:00,3.05,2026-06-10T01:45:00,3.8,2026-06-10T01:45:00,56.0,2026-06-10T01:45:00,0.0,0.0,0.0,11.3,15.200000000000001,0.6,5.13,2026-06-10T01:45:00,80.0,2026-06-10T01:45:00,876.05,2026-06-10T01:30:00,0.1,0.0,8.7,19.3,1.7
2026-06-10T01:29:41.358671+00:00,4.44,2026-06-10T03:15:00,3.8,2026-06-10T03:15:00,56.0,2026-06-10T03:15:00,0.0,0.0,0.0,11.1,15.8,1.2,5.13,2026-06-10T03:15:00,80.0,2026-06-10T03:15:00,876.05,2026-06-10T03:15:00,0.0,0.0,8.6,19.0,2.8
2026-06-10T01:50:59.652530+00:00,4.71,2026-06-10T03:45:00,3.8,2026-06-10T03:45:00,56.0,2026-06-10T03:45:00,0.0,0.0,0.1,11.2,15.3,0.8,5.13,2026-06-10T03:45:00,80.0,2026-06-10T03:45:00,876.05,2026-06-10T03:45:00,0.1,0.0,8.7,11.6,3.0
2026-06-10T02:11:01.633622+00:00,4.71,2026-06-10T04:00:00,3.8,2026-06-10T04:00:00,56.0,2026-06-10T04:00:00,0.0,0.0,0.1,11.2,15.3,5.2,5.13,2026-06-10T04:00:00,80.0,2026-06-10T04:00:00,876.05,2026-06-10T04:00:00,0.1,0.0,8.7,11.5,3.6
2026-06-10T04:55:10.075478+00:00,3.7,2026-06-10T06:45:00,4.0,2026-06-10T06:45:00,57.0,2026-06-10T06:45:00,0.2,0.2,0.1,11.3,12.200000000000001,2.2,5.47,2026-06-10T06:45:00,81.0,2026-06-10T06:45:00,876.06,2026-06-10T06:45:00,0.4,0.2,8.1,14.6,5.4
2026-06-10T06:40:58.507251+00:00,4.99,2026-06-10T08:30:00,4.0,2026-06-10T08:30:00,57.0,2026-06-10T08:30:00,0.0,0.4,0.0,11.8,11.9,8.4,6.53,2026-06-10T08:30:00,84.0,2026-06-10T08:30:00,876.06,2026-06-10T08:30:00,0.1,0.1,8.5,13.200000000000001,4.2
2026-06-10T06:50:45.197104+00:00,5.28,2026-06-10T08:45:00,4.0,2026-06-10T08:45:00,57.0,2026-06-10T08:45:00,0.0,0.1,0.0,11.9,11.9,8.4,6.53,2026-06-10T08:45:00,84.0,2026-06-10T08:45:00,876.06,2026-06-10T08:45:00,0.1,0.1,8.6,13.200000000000001,4.2
2026-06-10T06:57:28.594177+00:00,5.28,2026-06-10T08:45:00,4.0,2026-06-10T08:45:00,57.0,2026-06-10T08:45:00,0.0,0.1,0.0,11.9,11.9,8.4,6.53,2026-06-10T08:45:00,84.0,2026-06-10T08:45:00,876.06,2026-06-10T08:45:00,0.1,0.1,8.6,13.200000000000001,4.2
2026-06-10T09:03:26.797179+00:00,4.71,2026-06-10T10:45:00,3.8,2026-06-10T11:00:00,56.0,2026-06-10T11:00:00,0.0,0.0,0.0,11.6,9.9,5.3,6.92,2026-06-10T11:00:00,85.0,2026-06-10T11:00:00,876.08,2026-06-10T11:00:00,0.6,0.0,7.1,15.6,4.300000000000001
2026-06-10T10:53:28.582713+00:00,8.32,2026-06-10T12:45:00,3.8,2026-06-10T12:45:00,56.0,2026-06-10T12:45:00,0.1,0.2,0.0,11.5,9.7,2.3,6.92,2026-06-10T12:45:00,85.0,2026-06-10T12:45:00,876.09,2026-06-10T12:45:00,0.0,0.1,7.9,14.3,3.1
2026-06-10T11:02:29.819464+00:00,8.32,2026-06-10T12:45:00,4.19,2026-06-10T13:00:00,58.0,2026-06-10T13:00:00,0.0,0.2,0.0,11.6,8.5,2.2,6.92,2026-06-10T13:00:00,85.0,2026-06-10T13:00:00,876.09,2026-06-10T12:45:00,0.0,0.1,7.8,14.0,4.2
2026-06-10T11:25:47.039876+00:00,7.99,2026-06-10T13:15:00,3.8,2026-06-10T13:15:00,56.0,2026-06-10T13:15:00,0.0,0.2,0.0,11.7,8.5,2.2,6.92,2026-06-10T13:15:00,85.0,2026-06-10T13:15:00,876.09,2026-06-10T13:15:00,0.0,0.0,7.7,14.0,4.2
2026-06-10T12:42:08.492159+00:00,7.61,2026-06-10T14:30:00,3.8,2026-06-10T14:30:00,56.0,2026-06-10T14:30:00,0.1,0.0,0.0,12.4,8.3,3.9,7.3,2026-06-10T14:30:00,86.0,2026-06-10T14:30:00,876.1,2026-06-10T14:30:00,0.0,0.0,7.9,11.8,5.1
2026-06-10T14:16:42.611072+00:00,7.61,2026-06-10T16:00:00,4.0,2026-06-10T16:00:00,57.0,2026-06-10T16:00:00,0.9,0.1,0.1,11.5,11.1,9.7,7.3,2026-06-10T16:00:00,86.0,2026-06-10T16:00:00,876.11,2026-06-10T16:00:00,0.6,0.2,7.9,13.1,8.8
