time,percent
2026-09-20T05:50:00+02:00,0.0
2026-09-20T05:55:00+02:00,0.0
2026-09-20T06:00:00+02:00,0.0
2026-09-20T06:05:00+02:00,0.0
2026-09-20T06:10:00+02:00,7.8
2026-09-20T06:15:00+02:00,7.8
2026-09-20T06:20:00+02:00,0.0
2026-09-20T06:25:00+02:00,0.0
2026-09-20T06:30:00+02:00,0.0
2026-09-20T06:35:00+02:00,0.0
2026-09-20T06:40:00+02:00,0.0
2026-09-20T06:45:00+02:00,0.0
2026-09-20T06:50:00+02:00,0.0
2026-09-20T06:55:00+02:00,0.0
2026-09-20T07:00:00+02:00,0.0
2026-09-20T07:05:00+02:00,0.0
2026-09-20T07:10:00+02:00,0.0
2026-09-20T07:15:00+02:00,0.0
2026-09-20T07:20:00+02:00,9.1
2026-09-20T07:25:00+02:00,0.0
2026-09-20T07:30:00+02:00,0.0
2026-09-20T07:35:00+02:00,0.0
2026-09-20T07:40:00+02:00,0.0
2026-09-20T07:45:00+02:00,0.0
2026-09-20T07:50:00+02:00,0.0
2026-09-20T07:55:00+02:00,8.5
2026-09-20T08:00:00+02:00,9.2
2026-09-20T08:05:00+02:00,7.9
2026-09-20T08:10:00+02:00,0.0
2026-09-20T08:15:00+02:00,0.0
2026-09-20T08:20:00+02:00,0.0
2026-09-20T08:25:00+02:00,9.1
2026-09-20T08:30:00+02:00,18.0
2026-09-20T08:35:00+02:00,26.6
2026-09-20T08:40:00+02:00,29.8
2026-09-20T08:45:00+02:00,30.1
2026-09-20T08:50:00+02:00,29.2
2026-09-20T08:55:00+02:00,27.4
2026-09-20T09:00:00+02:00,24.8
2026-09-20T09:05:00+02:00,22.4
2026-09-20T09:10:00+02:00,20.0
2026-09-20T09:15:00+02:00,17.6
2026-09-20T09:20:00+02:00,16.8
2026-09-20T09:25:00+02:00,16.1
2026-09-20T09:30:00+02:00,21.6
2026-09-20T09:35:00+02:00,15.5
2026-09-20T09:40:00+02:00,21.6
2026-09-20T09:45:00+02:00,21.7
2026-09-20T09:50:00+02:00,21.1
2026-09-20T09:55:00+02:00,22.9
2026-09-20T10:00:00+02:00,16.9
2026-09-20T10:05:00+02:00,16.3
2026-09-20T10:10:00+02:00,16.3
2026-09-20T10:15:00+02:00,15.6
2026-09-20T10:20:00+02:00,18.6
2026-09-20T10:25:00+02:00,15.1
2026-09-20T10:30:00+02:00,15.7
2026-09-20T10:35:00+02:00,18.7
2026-09-20T10:40:00+02:00,18.9
2026-09-20T10:45:00+02:00,20.7
2026-09-20T10:50:00+02:00,17.6
2026-09-20T10:55:00+02:00,18.3
2026-09-20T11:00:00+02:00,16.5
2026-09-20T11:05:00+02:00,19.5
2026-09-20T11:10:00+02:00,18.3
2026-09-20T11:15:00+02:00,14.6
2026-09-20T11:20:00+02:00,21.3
2026-09-20T11:25:00+02:00,14.3
2026-09-20T11:30:00+02:00,13.9
2026-09-20T11:35:00+02:00,13.8
2026-09-20T11:40:00+02:00,13.8
2026-09-20T11:45:00+02:00,20.3
2026-09-20T11:50:00+02:00,21.5
2026-09-20T11:55:00+02:00,20.9
2026-09-20T12:00:00+02:00,20.3
2026-09-20T12:05:00+02:00,21.5
2026-09-20T12:10:00+02:00,21.5
2026-09-20T12:15:00+02:00,22.1
2026-09-20T12:20:00+02:00,18.5
2026-09-20T12:25:00+02:00,17.9
2026-09-20T12:30:00+02:00,20.3
2026-09-20T12:35:00+02:00,20.9
2026-09-20T12:40:00+02:00,20.3
2026-09-20T12:45:00+02:00,18.5
2026-09-20T12:50:00+02:00,22.7
2026-09-20T12:55:00+02:00,13.7
2026-09-20T13:00:00+02:00,13.7
2026-09-20T13:05:00+02:00,13.7
2026-09-20T13:10:00+02:00,19.9
2026-09-20T13:15:00+02:00,21.2
2026-09-20T13:20:00+02:00,13.7
2026-09-20T13:25:00+02:00,13.8
2026-09-20T13:30:00+02:00,14.3
2026-09-20T13:35:00+02:00,13.7
2026-09-20T13:40:00+02:00,20.5
2026-09-20T13:45:00+02:00,21.2
2026-09-20T13:50:00+02:00,13.2
2026-09-20T13:55:00+02:00,13.2
2026-09-20T14:00:00+02:00,11.2
2026-09-20T14:05:00+02:00,12.1
2026-09-20T14:10:00+02:00,21.2
2026-09-20T14:15:00+02:00,12.6
2026-09-20T14:20:00+02:00,13.1
2026-09-20T14:25:00+02:00,14.0
2026-09-20T14:30:00+02:00,14.5
2026-09-20T14:35:00+02:00,13.6
2026-09-20T14:40:00+02:00,14.4
2026-09-20T14:45:00+02:00,15.1
2026-09-20T14:50:00+02:00,15.0
2026-09-20T14:55:00+02:00,14.8
2026-09-20T15:00:00+02:00,15.9
2026-09-20T15:05:00+02:00,15.9
2026-09-20T15:10:00+02:00,15.7
2026-09-20T15:15:00+02:00,15.3
2026-09-20T15:20:00+02:00,15.1
2026-09-20T15:25:00+02:00,14.5
2026-09-20T15:30:00+02:00,14.5
2026-09-20T15:35:00+02:00,14.6
2026-09-20T15:40:00+02:00,13.0
2026-09-20T15:45:00+02:00,14.0
2026-09-20T15:50:00+02:00,12.6
2026-09-20T15:55:00+02:00,13.1
2026-09-20T16:00:00+02:00,13.3
2026-09-20T16:05:00+02:00,12.5
2026-09-20T16:10:00+02:00,14.0
2026-09-20T16:15:00+02:00,14.0
2026-09-20T16:20:00+02:00,14.0
2026-09-20T16:25:00+02:00,13.4
2026-09-20T16:30:00+02:00,12.9
2026-09-20T16:35:00+02:00,13.9
2026-09-20T16:40:00+02:00,13.0
2026-09-20T16:45:00+02:00,14.5
2026-09-20T16:50:00+02:00,13.8
2026-09-20T16:55:00+02:00,14.6
2026-09-20T17:00:00+02:00,15.2
2026-09-20T17:10:00+02:00,16.3
2026-09-20T17:15:00+02:00,15.8
2026-09-20T17:20:00+02:00,16.2
2026-09-20T17:25:00+02:00,15.5
2026-09-20T17:30:00+02:00,16.3
2026-09-20T17:35:00+02:00,16.4
2026-09-20T17:40:00+02:00,16.3
2026-09-20T17:45:00+02:00,16.3
2026-09-20T17:50:00+02:00,16.3
2026-09-20T17:55:00+02:00,16.4
2026-09-20T18:00:00+02:00,16.3
2026-09-20T18:05:00+02:00,16.4
2026-09-20T18:10:00+02:00,16.2
2026-09-20T18:15:00+02:00,16.0
2026-09-20T18:20:00+02:00,16.3
2026-09-20T18:25:00+02:00,16.3
2026-09-20T18:30:00+02:00,16.3
2026-09-20T18:35:00+02:00,16.2
2026-09-20T18:40:00+02:00,16.3
2026-09-20T18:45:00+02:00,16.1
2026-09-20T18:55:00+02:00,16.3
2026-09-20T19:00:00+02:00,16.0
2026-09-20T19:05:00+02:00,16.3
2026-09-20T19:10:00+02:00,16.1
2026-09-20T19:15:00+02:00,16.2
2026-09-20T19:20:00+02:00,16.3
2026-09-20T19:25:00+02:00,16.3
2026-09-20T19:30:00+02:00,16.3
2026-09-20T19:35:00+02:00,17.6
2026-09-20T19:40:00+02:00,18.0
2026-09-20T19:45:00+02:00,17.1
2026-09-20T19:50:00+02:00,17.2
2026-09-20T19:55:00+02:00,17.4
2026-09-20T20:00:00+02:00,16.3
2026-09-20T20:05:00+02:00,15.1
2026-09-20T20:10:00+02:00,15.4
2026-09-20T20:15:00+02:00,14.8
2026-09-20T20:20:00+02:00,14.4
2026-09-20T20:25:00+02:00,15.4
2026-09-20T20:30:00+02:00,14.8
2026-09-20T20:35:00+02:00,14.6
2026-09-20T20:40:00+02:00,14.6
2026-09-20T20:45:00+02:00,14.0
2026-09-20T20:50:00+02:00,14.0
2026-09-20T20:55:00+02:00,14.5
2026-09-20T21:00:00+02:00,14.6
2026-09-20T21:05:00+02:00,14.0
2026-09-20T21:10:00+02:00,13.0
2026-09-20T21:15:00+02:00,13.2
2026-09-20T21:20:00+02:00,15.0
2026-09-20T21:25:00+02:00,14.6
2026-09-20T21:30:00+02:00,15.7
2026-09-20T21:35:00+02:00,14.9
2026-09-20T21:40:00+02:00,16.5
2026-09-20T21:45:00+02:00,16.2
2026-09-20T21:50:00+02:00,16.9
2026-09-20T21:55:00+02:00,17.1
2026-09-20T22:00:00+02:00,17.7
2026-09-20T22:05:00+02:00,17.1
2026-09-20T22:10:00+02:00,17.1
2026-09-20T22:15:00+02:00,17.7
2026-09-20T22:20:00+02:00,17.1
2026-09-20T22:25:00+02:00,17.1
2026-09-20T22:30:00+02:00,17.0
2026-09-20T22:35:00+02:00,16.9
2026-09-20T22:40:00+02:00,16.7
2026-09-20T22:45:00+02:00,16.7
2026-09-20T22:50:00+02:00,16.5
2026-09-20T22:55:00+02:00,16.6
2026-09-20T23:00:00+02:00,16.0
2026-09-20T23:05:00+02:00,16.6
2026-09-20T23:10:00+02:00,16.6
2026-09-20T23:15:00+02:00,16.4
2026-09-20T23:20:00+02:00,15.9
2026-09-20T23:25:00+02:00,16.6
2026-09-20T23:30:00+02:00,16.6
2026-09-20T23:35:00+02:00,16.6
2026-09-20T23:40:00+02:00,16.4
2026-09-20T23:45:00+02:00,16.4
2026-09-20T23:50:00+02:00,16.4
2026-09-20T23:55:00+02:00,16.4
2026-09-21T00:00:00+02:00,16.4
2026-09-21T00:05:00+02:00,15.8
2026-09-21T00:10:00+02:00,15.9
2026-09-21T00:15:00+02:00,15.8
2026-09-21T00:20:00+02:00,15.7
2026-09-21T00:25:00+02:00,16.0
2026-09-21T00:30:00+02:00,15.1
2026-09-21T00:35:00+02:00,14.9
2026-09-21T00:40:00+02:00,15.3
2026-09-21T00:45:00+02:00,14.2
2026-09-21T00:50:00+02:00,14.7
2026-09-21T00:55:00+02:00,13.8
2026-09-21T01:00:00+02:00,14.0
2026-09-21T01:05:00+02:00,14.0
2026-09-21T01:10:00+02:00,14.0
2026-09-21T01:15:00+02:00,13.3
2026-09-21T01:20:00+02:00,13.9
2026-09-21T01:25:00+02:00,13.9
2026-09-21T01:30:00+02:00,13.2
2026-09-21T01:35:00+02:00,13.9
2026-09-21T01:40:00+02:00,13.9
2026-09-21T01:45:00+02:00,13.9
2026-09-21T01:50:00+02:00,14
2026-09-21T01:55:00+02:00,14
2026-09-21T02:00:00+02:00,13.6
2026-09-21T02:05:00+02:00,13.6
2026-09-21T02:10:00+02:00,13.6
2026-09-21T02:15:00+02:00,13.7
2026-09-21T02:20:00+02:00,14.6
2026-09-21T02:25:00+02:00,14.8
2026-09-21T02:30:00+02:00,15.2
2026-09-21T02:35:00+02:00,15.4
2026-09-21T02:40:00+02:00,15.5
2026-09-21T02:45:00+02:00,15.6
2026-09-21T02:50:00+02:00,16.4
2026-09-21T02:55:00+02:00,15.6
2026-09-21T03:00:00+02:00,15.9
2026-09-21T03:05:00+02:00,15.9
2026-09-21T03:10:00+02:00,15.5
2026-09-21T03:15:00+02:00,16.4
2026-09-21T03:20:00+02:00,15.8
2026-09-21T03:25:00+02:00,15.8
2026-09-21T03:30:00+02:00,15.5
2026-09-21T03:35:00+02:00,15.6
2026-09-21T03:40:00+02:00,16.4
2026-09-21T03:45:00+02:00,16.6
2026-09-21T03:50:00+02:00,17
2026-09-21T03:55:00+02:00,17.2
2026-09-21T04:00:00+02:00,17
2026-09-21T04:05:00+02:00,17.2
2026-09-21T04:10:00+02:00,17.2
2026-09-21T04:15:00+02:00,16.6
2026-09-21T04:20:00+02:00,16.8
2026-09-21T04:25:00+02:00,17.2
2026-09-21T04:30:00+02:00,16.6
2026-09-21T04:35:00+02:00,16.6
2026-09-21T04:40:00+02:00,16.4
2026-09-21T04:45:00+02:00,16.7
2026-09-21T04:50:00+02:00,16.6
2026-09-21T04:55:00+02:00,16.6
2026-09-21T05:00:00+02:00,16.7
2026-09-21T05:05:00+02:00,16.5
2026-09-21T05:10:00+02:00,16.5
2026-09-21T05:15:00+02:00,17.1
2026-09-21T05:20:00+02:00,16.5
2026-09-21T05:25:00+02:00,16.7
2026-09-21T05:30:00+02:00,17.1
2026-09-21T05:35:00+02:00,16.5
2026-09-21T05:40:00+02:00,16.5
2026-09-21T05:45:00+02:00,17.1
2026-09-21T05:50:00+02:00,16.5
2026-09-21T05:55:00+02:00,17.5
2026-09-21T06:00:00+02:00,17.6
2026-09-21T06:05:00+02:00,17.6
2026-09-21T06:10:00+02:00,16.7
2026-09-21T06:15:00+02:00,16
2026-09-21T06:20:00+02:00,16.3
2026-09-21T06:25:00+02:00,15.7
2026-09-21T06:30:00+02:00,16.1
2026-09-21T06:35:00+02:00,15.7
2026-09-21T06:40:00+02:00,15.5
2026-09-21T06:45:00+02:00,14.7
2026-09-21T06:50:00+02:00,15
2026-09-21T06:55:00+02:00,14.8
2026-09-21T07:00:00+02:00,14.1
2026-09-21T07:05:00+02:00,14
2026-09-21T07:10:00+02:00,15
2026-09-21T07:15:00+02:00,14.3
2026-09-21T07:20:00+02:00,14.3
2026-09-21T07:25:00+02:00,14.4
2026-09-21T07:30:00+02:00,14.3
2026-09-21T07:35:00+02:00,14.3
2026-09-21T07:40:00+02:00,14.3
2026-09-21T07:45:00+02:00,14.2
2026-09-21T07:50:00+02:00,14.3
2026-09-21T07:55:00+02:00,14.3
2026-09-21T08:00:00+02:00,14.2
2026-09-21T08:05:00+02:00,14.3
2026-09-21T08:10:00+02:00,15.5
2026-09-21T08:15:00+02:00,16.7
2026-09-21T08:20:00+02:00,16.1
2026-09-21T08:25:00+02:00,15.6
2026-09-21T08:30:00+02:00,15
2026-09-21T08:35:00+02:00,14.5
2026-09-21T08:40:00+02:00,14.1
2026-09-21T08:45:00+02:00,13.7
2026-09-21T08:50:00+02:00,13.6
2026-09-21T08:55:00+02:00,12.7
2026-09-21T09:00:00+02:00,12.7
2026-09-21T09:05:00+02:00,12.7
2026-09-21T09:10:00+02:00,13.7
2026-09-21T09:15:00+02:00,13.2
2026-09-21T09:20:00+02:00,13.1
2026-09-21T09:25:00+02:00,12.9
2026-09-21T09:30:00+02:00,12.9
2026-09-21T09:35:00+02:00,12.2
2026-09-21T09:40:00+02:00,12.5
2026-09-21T09:45:00+02:00,13.8
2026-09-21T09:50:00+02:00,12.4
2026-09-21T09:55:00+02:00,12.4
2026-09-21T10:00:00+02:00,12.4
2026-09-21T10:05:00+02:00,13.1
2026-09-21T10:10:00+02:00,13.7
2026-09-21T10:15:00+02:00,12.5
2026-09-21T10:20:00+02:00,13.7
2026-09-21T10:25:00+02:00,13
2026-09-21T10:30:00+02:00,12.2
2026-09-21T10:35:00+02:00,12.5
2026-09-21T10:40:00+02:00,13.1
2026-09-21T10:45:00+02:00,13.8
2026-09-21T10:50:00+02:00,13.2
2026-09-21T10:55:00+02:00,13.8
2026-09-21T11:00:00+02:00,12.4
2026-09-21T11:05:00+02:00,12.5
2026-09-21T11:10:00+02:00,13.3
2026-09-21T11:15:00+02:00,13.3
2026-09-21T11:20:00+02:00,13.8
2026-09-21T11:25:00+02:00,12.4
2026-09-21T11:30:00+02:00,12.2
2026-09-21T11:35:00+02:00,12.9
2026-09-21T11:40:00+02:00,11.9
2026-09-21T11:45:00+02:00,11.9
2026-09-21T11:50:00+02:00,12.6
2026-09-21T11:55:00+02:00,12
2026-09-21T12:00:00+02:00,11
2026-09-21T12:05:00+02:00,12.1
2026-09-21T12:10:00+02:00,11.4
2026-09-21T12:15:00+02:00,11
2026-09-21T12:20:00+02:00,12.1
2026-09-21T12:25:00+02:00,11.5
2026-09-21T12:30:00+02:00,11.5
2026-09-21T12:35:00+02:00,12
2026-09-21T12:40:00+02:00,11.5
2026-09-21T12:45:00+02:00,11.5
2026-09-21T12:50:00+02:00,12.2
2026-09-21T12:55:00+02:00,12.1
2026-09-21T13:00:00+02:00,12.2
2026-09-21T13:05:00+02:00,12.1
2026-09-21T13:10:00+02:00,11.6
2026-09-21T13:15:00+02:00,11.6
2026-09-21T13:20:00+02:00,12.1
2026-09-21T13:25:00+02:00,12.2
2026-09-21T13:30:00+02:00,12.1
2026-09-21T13:35:00+02:00,12.2
2026-09-21T13:40:00+02:00,11.6
2026-09-21T13:45:00+02:00,12.3
2026-09-21T13:50:00+02:00,12.3
2026-09-21T13:55:00+02:00,11.6
2026-09-21T14:00:00+02:00,12.3
2026-09-21T14:05:00+02:00,12.3
2026-09-21T14:10:00+02:00,10.7
2026-09-21T14:15:00+02:00,12.9
2026-09-21T14:20:00+02:00,12.3
2026-09-21T14:25:00+02:00,12.9
2026-09-21T14:30:00+02:00,12.3
2026-09-21T14:35:00+02:00,12.8
2026-09-21T14:40:00+02:00,12.9
2026-09-21T14:45:00+02:00,12.9
2026-09-21T14:50:00+02:00,12.3
2026-09-21T14:55:00+02:00,12.9
2026-09-21T15:00:00+02:00,13.5
2026-09-21T15:05:00+02:00,12.4
2026-09-21T15:10:00+02:00,13.1
2026-09-21T15:15:00+02:00,12.9
2026-09-21T15:20:00+02:00,13
2026-09-21T15:25:00+02:00,12.9
2026-09-21T15:30:00+02:00,12.9
2026-09-21T15:35:00+02:00,12.9
2026-09-21T15:40:00+02:00,12.9
2026-09-21T15:45:00+02:00,12.8
2026-09-21T15:50:00+02:00,13
2026-09-21T15:55:00+02:00,11.4
2026-09-21T16:00:00+02:00,12.4
2026-09-21T16:05:00+02:00,12.9
2026-09-21T16:10:00+02:00,12.4
2026-09-21T16:15:00+02:00,13.1
2026-09-21T16:20:00+02:00,13
2026-09-21T16:25:00+02:00,13.1
2026-09-21T16:30:00+02:00,12.9
2026-09-21T16:35:00+02:00,13.1
2026-09-21T16:40:00+02:00,13.1
2026-09-21T16:45:00+02:00,13
2026-09-21T16:50:00+02:00,13
2026-09-21T16:55:00+02:00,13
2026-09-21T17:00:00+02:00,13
2026-09-21T17:05:00+02:00,13.1
2026-09-21T17:10:00+02:00,13
2026-09-21T17:15:00+02:00,12.5
2026-09-21T17:20:00+02:00,12.5
2026-09-21T17:25:00+02:00,12.5
2026-09-21T17:30:00+02:00,13.1
2026-09-21T17:35:00+02:00,13.1
2026-09-21T17:40:00+02:00,11.6
2026-09-21T17:45:00+02:00,13.6
2026-09-21T17:50:00+02:00,12.1
2026-09-21T17:55:00+02:00,12.1
2026-09-21T18:00:00+02:00,13.7
2026-09-21T18:05:00+02:00,13.6
2026-09-21T18:10:00+02:00,13.6
2026-09-21T18:15:00+02:00,13.6
2026-09-21T18:20:00+02:00,13.6
2026-09-21T18:25:00+02:00,13.6
2026-09-21T18:30:00+02:00,13.5
2026-09-21T18:35:00+02:00,13.1
2026-09-21T18:40:00+02:00,13.6
2026-09-21T18:45:00+02:00,12.6
2026-09-21T18:50:00+02:00,13.6
2026-09-21T18:55:00+02:00,13.6
2026-09-21T19:00:00+02:00,13.6
2026-09-21T19:05:00+02:00,13.5
2026-09-21T19:10:00+02:00,13.6
2026-09-21T19:15:00+02:00,12.6
2026-09-21T19:20:00+02:00,12.6
2026-09-21T19:25:00+02:00,12.8
2026-09-21T19:30:00+02:00,13.1
2026-09-21T19:35:00+02:00,13.6
2026-09-21T19:40:00+02:00,13.5
2026-09-21T19:45:00+02:00,13.1
2026-09-21T19:50:00+02:00,12.5
2026-09-21T19:55:00+02:00,12.6
2026-09-21T20:00:00+02:00,12.6
2026-09-21T20:05:00+02:00,12.9
2026-09-21T20:10:00+02:00,13.5
2026-09-21T20:15:00+02:00,13.4
2026-09-21T20:20:00+02:00,13.3
2026-09-21T20:25:00+02:00,13.3
2026-09-21T20:30:00+02:00,13.4
2026-09-21T20:35:00+02:00,13.4
2026-09-21T20:40:00+02:00,13.4
2026-09-21T20:45:00+02:00,12.4
2026-09-21T20:50:00+02:00,12.4
2026-09-21T20:55:00+02:00,11.9
2026-09-21T21:00:00+02:00,12
2026-09-21T21:05:00+02:00,13.3
2026-09-21T21:10:00+02:00,11.9
2026-09-21T21:15:00+02:00,12.5
2026-09-21T21:20:00+02:00,13.4
2026-09-21T21:25:00+02:00,13.9
2026-09-21T21:30:00+02:00,14
2026-09-21T21:35:00+02:00,13.6
2026-09-21T21:40:00+02:00,14.9
2026-09-21T21:45:00+02:00,14.8
2026-09-21T21:50:00+02:00,14.3
2026-09-21T21:55:00+02:00,14.4
2026-09-21T22:00:00+02:00,14.4
2026-09-21T22:05:00+02:00,14.9
2026-09-21T22:10:00+02:00,14.9
2026-09-21T22:15:00+02:00,14.4
2026-09-21T22:20:00+02:00,13.9
2026-09-21T22:25:00+02:00,14.5
2026-09-21T22:30:00+02:00,14.5
2026-09-21T22:35:00+02:00,14.5
2026-09-21T22:40:00+02:00,14.6
2026-09-21T22:45:00+02:00,14.9
2026-09-21T22:50:00+02:00,15
2026-09-21T22:55:00+02:00,15
2026-09-21T23:00:00+02:00,14.9
2026-09-21T23:05:00+02:00,14.9
2026-09-21T23:10:00+02:00,15.3
2026-09-21T23:15:00+02:00,14.8
2026-09-21T23:20:00+02:00,14.9
2026-09-21T23:25:00+02:00,14.8
2026-09-21T23:30:00+02:00,14.7
2026-09-21T23:35:00+02:00,14.9
2026-09-21T23:40:00+02:00,15.4
2026-09-21T23:45:00+02:00,15.2
2026-09-21T23:50:00+02:00,14.9
2026-09-21T23:55:00+02:00,14.7
2026-09-22T00:00:00+02:00,14.7
2026-09-22T00:05:00+02:00,14.8
2026-09-22T00:10:00+02:00,15.3
2026-09-22T00:15:00+02:00,14.7
2026-09-22T00:20:00+02:00,14.3
2026-09-22T00:25:00+02:00,14.9
2026-09-22T00:30:00+02:00,14.8
2026-09-22T00:35:00+02:00,14.8
2026-09-22T00:40:00+02:00,14.8
2026-09-22T00:45:00+02:00,14.8
2026-09-22T00:50:00+02:00,14.8
2026-09-22T00:55:00+02:00,14.8
2026-09-22T01:00:00+02:00,14.8
2026-09-22T01:05:00+02:00,14.8
2026-09-22T01:10:00+02:00,14.7
2026-09-22T01:15:00+02:00,14.7
2026-09-22T01:20:00+02:00,14.3
2026-09-22T01:25:00+02:00,13.9
2026-09-22T01:30:00+02:00,14
2026-09-22T01:35:00+02:00,13.2
2026-09-22T01:40:00+02:00,13.3
2026-09-22T01:45:00+02:00,13.1
2026-09-22T01:50:00+02:00,13.1
2026-09-22T01:55:00+02:00,12.6
2026-09-22T02:00:00+02:00,12.7
2026-09-22T02:05:00+02:00,12.9
2026-09-22T02:10:00+02:00,12.6
2026-09-22T02:15:00+02:00,12.6
2026-09-22T02:20:00+02:00,12.7
2026-09-22T02:25:00+02:00,12.6
2026-09-22T02:30:00+02:00,12.6
2026-09-22T02:35:00+02:00,12.6
2026-09-22T02:40:00+02:00,12.6
2026-09-22T02:45:00+02:00,12.4
2026-09-22T02:50:00+02:00,11.8
2026-09-22T02:55:00+02:00,12.4
2026-09-22T03:00:00+02:00,12.4
2026-09-22T03:05:00+02:00,12.6
2026-09-22T03:10:00+02:00,12.2
2026-09-22T03:15:00+02:00,13.1
2026-09-22T03:20:00+02:00,13.7
2026-09-22T03:25:00+02:00,14
2026-09-22T03:30:00+02:00,14.4
2026-09-22T03:35:00+02:00,14.9
2026-09-22T03:40:00+02:00,15.4
2026-09-22T03:45:00+02:00,15.6
2026-09-22T03:50:00+02:00,15.8
2026-09-22T03:55:00+02:00,15.8
2026-09-22T04:00:00+02:00,15.9
2026-09-22T04:05:00+02:00,15.5
2026-09-22T04:10:00+02:00,16
2026-09-22T04:15:00+02:00,15.4
2026-09-22T04:20:00+02:00,16
2026-09-22T04:25:00+02:00,16
2026-09-22T04:30:00+02:00,16
2026-09-22T04:35:00+02:00,16
2026-09-22T04:40:00+02:00,15.9
2026-09-22T04:45:00+02:00,16.1
2026-09-22T04:50:00+02:00,16.1
2026-09-22T04:55:00+02:00,16
2026-09-22T05:00:00+02:00,15.5
2026-09-22T05:05:00+02:00,16.1
2026-09-22T05:10:00+02:00,16
2026-09-22T05:15:00+02:00,16
2026-09-22T05:20:00+02:00,16
2026-09-22T05:25:00+02:00,16
2026-09-22T05:30:00+02:00,16
2026-09-22T05:35:00+02:00,15.4
2026-09-22T05:40:00+02:00,16
2026-09-22T05:45:00+02:00,15.4
2026-09-22T05:50:00+02:00,15.9
2026-09-22T05:55:00+02:00,15.6
2026-09-22T06:00:00+02:00,15.4
2026-09-22T06:05:00+02:00,15.5
2026-09-22T06:10:00+02:00,15.5
2026-09-22T06:15:00+02:00,15.8
2026-09-22T06:20:00+02:00,15.8
2026-09-22T06:25:00+02:00,15.3
2026-09-22T06:30:00+02:00,15
2026-09-22T06:35:00+02:00,14.8
2026-09-22T06:40:00+02:00,14.7
2026-09-22T06:45:00+02:00,14.7
2026-09-22T06:50:00+02:00,13.9
2026-09-22T06:55:00+02:00,14
2026-09-22T07:00:00+02:00,14
2026-09-22T07:05:00+02:00,14.5
2026-09-22T07:10:00+02:00,14.6
2026-09-22T07:15:00+02:00,14.6
2026-09-22T07:20:00+02:00,14.8
2026-09-22T07:25:00+02:00,14.6
2026-09-22T07:30:00+02:00,14.6
2026-09-22T07:35:00+02:00,14.1
2026-09-22T07:40:00+02:00,14.1
2026-09-22T07:45:00+02:00,14.8
2026-09-22T07:50:00+02:00,14
2026-09-22T07:55:00+02:00,14
2026-09-22T08:00:00+02:00,14.7
2026-09-22T08:05:00+02:00,14.8
2026-09-22T08:10:00+02:00,14.6
2026-09-22T08:15:00+02:00,14
2026-09-22T08:20:00+02:00,14
2026-09-22T08:25:00+02:00,14
2026-09-22T08:30:00+02:00,14.3
2026-09-22T08:35:00+02:00,14.7
2026-09-22T08:40:00+02:00,14.8
2026-09-22T08:45:00+02:00,14.3
2026-09-22T08:50:00+02:00,14
2026-09-22T08:55:00+02:00,14.6
2026-09-22T09:00:00+02:00,14.2
2026-09-22T09:05:00+02:00,14.7
2026-09-22T09:10:00+02:00,14.6
2026-09-22T09:15:00+02:00,14.8
2026-09-22T09:20:00+02:00,14.8
2026-09-22T09:25:00+02:00,14.3
2026-09-22T09:30:00+02:00,14.7
2026-09-22T09:35:00+02:00,14.8
2026-09-22T09:40:00+02:00,16
2026-09-22T09:45:00+02:00,15.8
2026-09-22T09:50:00+02:00,16.1
2026-09-22T09:55:00+02:00,16.1
2026-09-22T10:00:00+02:00,15.5
2026-09-22T10:05:00+02:00,13.9
2026-09-22T10:10:00+02:00,13.3
2026-09-22T10:15:00+02:00,13.7
2026-09-22T10:20:00+02:00,12.6
2026-09-22T10:25:00+02:00,13.1
2026-09-22T10:30:00+02:00,12.9
2026-09-22T10:35:00+02:00,12.2
2026-09-22T10:40:00+02:00,12.6
2026-09-22T10:45:00+02:00,13.1
2026-09-22T10:50:00+02:00,13.1
2026-09-22T10:55:00+02:00,12.6
2026-09-22T11:00:00+02:00,13.1
2026-09-22T11:05:00+02:00,11.9
2026-09-22T11:10:00+02:00,11.7
2026-09-22T11:15:00+02:00,11.7
2026-09-22T11:20:00+02:00,12.5
2026-09-22T11:25:00+02:00,18.8
2026-09-22T11:30:00+02:00,13.1
2026-09-22T11:35:00+02:00,12.2
2026-09-22T11:40:00+02:00,13.1
2026-09-22T11:45:00+02:00,12.7
2026-09-22T11:50:00+02:00,13
2026-09-22T11:55:00+02:00,14.4
2026-09-22T12:00:00+02:00,13.9
2026-09-22T12:05:00+02:00,14
2026-09-22T12:10:00+02:00,13.6
2026-09-22T12:15:00+02:00,13.5
2026-09-22T12:20:00+02:00,13.9
2026-09-22T12:25:00+02:00,13.8
2026-09-22T12:30:00+02:00,13.6
2026-09-22T12:35:00+02:00,13.5
2026-09-22T12:40:00+02:00,14
2026-09-22T12:45:00+02:00,13.8
2026-09-22T12:50:00+02:00,14.4
2026-09-22T12:55:00+02:00,13.8
2026-09-22T13:00:00+02:00,14.2
2026-09-22T13:05:00+02:00,13.6
2026-09-22T13:10:00+02:00,14.4
2026-09-22T13:15:00+02:00,14.4
2026-09-22T13:20:00+02:00,14.6
2026-09-22T13:25:00+02:00,14.6
2026-09-22T13:30:00+02:00,14.6
2026-09-22T13:35:00+02:00,14.4
2026-09-22T13:40:00+02:00,16.4
2026-09-22T13:45:00+02:00,16
2026-09-22T13:50:00+02:00,15.7
2026-09-22T13:55:00+02:00,14.9
2026-09-22T14:00:00+02:00,15.1
2026-09-22T14:05:00+02:00,14.7
2026-09-22T14:10:00+02:00,13.8
2026-09-22T14:15:00+02:00,14.6
2026-09-22T14:20:00+02:00,13.5
2026-09-22T14:25:00+02:00,14.2
2026-09-22T14:30:00+02:00,13.9
2026-09-22T14:35:00+02:00,13.3
2026-09-22T14:40:00+02:00,12.9
2026-09-22T14:45:00+02:00,13.4
2026-09-22T14:50:00+02:00,13.5
2026-09-22T14:55:00+02:00,13.4
2026-09-22T15:00:00+02:00,13.5
2026-09-22T15:05:00+02:00,14.1
2026-09-22T15:10:00+02:00,13.4
2026-09-22T15:15:00+02:00,11.9
2026-09-22T15:20:00+02:00,12.8
2026-09-22T15:25:00+02:00,13.4
2026-09-22T15:30:00+02:00,13.4
2026-09-22T15:35:00+02:00,12.8
2026-09-22T15:40:00+02:00,13.4
2026-09-22T15:45:00+02:00,13.5
2026-09-22T15:50:00+02:00,14.1
2026-09-22T15:55:00+02:00,13.4
2026-09-22T16:00:00+02:00,12.9
2026-09-22T16:05:00+02:00,12.1
2026-09-22T16:10:00+02:00,19.6
2026-09-22T16:15:00+02:00,12.1
2026-09-22T16:20:00+02:00,12.1
2026-09-22T16:25:00+02:00,13.5
2026-09-22T16:30:00+02:00,17.8
2026-09-22T16:35:00+02:00,12.4
2026-09-22T16:40:00+02:00,13.5
2026-09-22T16:45:00+02:00,12
2026-09-22T16:50:00+02:00,12.2
2026-09-22T16:55:00+02:00,11.9
2026-09-22T17:00:00+02:00,13.5
2026-09-22T17:05:00+02:00,12
2026-09-22T17:10:00+02:00,12
2026-09-22T17:15:00+02:00,13.4
2026-09-22T17:20:00+02:00,13.4
2026-09-22T17:25:00+02:00,13.4
2026-09-22T17:30:00+02:00,12.8
2026-09-22T17:35:00+02:00,12.8
2026-09-22T17:40:00+02:00,13.6
2026-09-22T17:45:00+02:00,13.5
2026-09-22T17:50:00+02:00,13.7
2026-09-22T17:55:00+02:00,14.3
2026-09-22T18:00:00+02:00,14.9
2026-09-22T18:05:00+02:00,15.2
2026-09-22T18:10:00+02:00,15
2026-09-22T18:15:00+02:00,14.4
2026-09-22T18:20:00+02:00,12.9
2026-09-22T18:25:00+02:00,13.7
2026-09-22T18:30:00+02:00,12.2
2026-09-22T18:35:00+02:00,12.5
2026-09-22T18:40:00+02:00,12
2026-09-22T18:45:00+02:00,12.6
2026-09-22T18:50:00+02:00,12.7
2026-09-22T18:55:00+02:00,12.6
2026-09-22T19:00:00+02:00,12
2026-09-22T19:05:00+02:00,12.7
2026-09-22T19:10:00+02:00,13
2026-09-22T19:15:00+02:00,12.4
2026-09-22T19:20:00+02:00,13.3
2026-09-22T19:25:00+02:00,13.2
2026-09-22T19:30:00+02:00,14
2026-09-22T19:35:00+02:00,13.7
2026-09-22T19:40:00+02:00,14.7
2026-09-22T19:45:00+02:00,15.1
2026-09-22T19:50:00+02:00,15.2
2026-09-22T19:55:00+02:00,15.2
2026-09-22T20:00:00+02:00,15.2
2026-09-22T20:05:00+02:00,15.3
2026-09-22T20:10:00+02:00,14.8
2026-09-22T20:15:00+02:00,15.3
2026-09-22T20:20:00+02:00,15.2
2026-09-22T20:25:00+02:00,15.3
2026-09-22T20:30:00+02:00,15
2026-09-22T20:35:00+02:00,14.9
2026-09-22T20:40:00+02:00,14.9
2026-09-22T20:45:00+02:00,14.8
2026-09-22T20:50:00+02:00,14.8
2026-09-22T20:55:00+02:00,14.9
2026-09-22T21:00:00+02:00,14.9
2026-09-22T21:05:00+02:00,15.7
2026-09-22T21:10:00+02:00,15.5
2026-09-22T21:15:00+02:00,14.9
2026-09-22T21:20:00+02:00,15.5
2026-09-22T21:25:00+02:00,15.5
2026-09-22T21:30:00+02:00,14.9
2026-09-22T21:35:00+02:00,14.8
2026-09-22T21:40:00+02:00,14.6
2026-09-22T21:45:00+02:00,14.7
2026-09-22T21:50:00+02:00,14.7
2026-09-22T21:55:00+02:00,14.6
2026-09-22T22:00:00+02:00,14.5
2026-09-22T22:05:00+02:00,14.8
2026-09-22T22:10:00+02:00,14.6
2026-09-22T22:15:00+02:00,14.6
2026-09-22T22:20:00+02:00,15
2026-09-22T22:25:00+02:00,14.9
2026-09-22T22:30:00+02:00,14.1
2026-09-22T22:35:00+02:00,13.8
2026-09-22T22:40:00+02:00,14.2
2026-09-22T22:45:00+02:00,13.4
2026-09-22T22:50:00+02:00,13.2
2026-09-22T22:55:00+02:00,13
2026-09-22T23:00:00+02:00,12.2
2026-09-22T23:05:00+02:00,13.1
2026-09-22T23:10:00+02:00,13
2026-09-22T23:15:00+02:00,11.6
2026-09-22T23:20:00+02:00,12
2026-09-22T23:25:00+02:00,12.5
2026-09-22T23:30:00+02:00,12.5
2026-09-22T23:35:00+02:00,12.3
2026-09-22T23:40:00+02:00,12.4
2026-09-22T23:45:00+02:00,11.7
2026-09-22T23:50:00+02:00,11.5
2026-09-22T23:55:00+02:00,11.7
2026-09-23T00:00:00+02:00,11.4
2026-09-23T00:05:00+02:00,12.1
2026-09-23T00:10:00+02:00,11.7
2026-09-23T00:15:00+02:00,11.6
2026-09-23T00:20:00+02:00,11.5
2026-09-23T00:25:00+02:00,11.4
2026-09-23T00:30:00+02:00,11.4
2026-09-23T00:35:00+02:00,12
2026-09-23T00:40:00+02:00,12.3
2026-09-23T00:45:00+02:00,11.9
2026-09-23T00:50:00+02:00,12.5
2026-09-23T00:55:00+02:00,12.8
2026-09-23T01:00:00+02:00,12.5
2026-09-23T01:05:00+02:00,12.6
2026-09-23T01:10:00+02:00,12.8
2026-09-23T01:15:00+02:00,13.5
2026-09-23T01:20:00+02:00,13.3
2026-09-23T01:25:00+02:00,13.4
2026-09-23T01:30:00+02:00,13.2
2026-09-23T01:35:00+02:00,12.9
2026-09-23T01:40:00+02:00,13.1
2026-09-23T01:45:00+02:00,13.7
2026-09-23T01:50:00+02:00,14.3
2026-09-23T01:55:00+02:00,15
2026-09-23T02:00:00+02:00,15.5
2026-09-23T02:05:00+02:00,15.7
2026-09-23T02:10:00+02:00,15.7
2026-09-23T02:15:00+02:00,15.2
2026-09-23T02:20:00+02:00,14.2
2026-09-23T02:25:00+02:00,14.4
2026-09-23T02:30:00+02:00,13.5
2026-09-23T02:35:00+02:00,13.9
2026-09-23T02:40:00+02:00,13.8
2026-09-23T02:45:00+02:00,13.6
2026-09-23T02:50:00+02:00,12.9
2026-09-23T02:55:00+02:00,12.9
2026-09-23T03:00:00+02:00,13.3
2026-09-23T03:05:00+02:00,13.3
2026-09-23T03:10:00+02:00,13
2026-09-23T03:15:00+02:00,13.3
2026-09-23T03:20:00+02:00,13.2
2026-09-23T03:25:00+02:00,13.4
2026-09-23T03:30:00+02:00,13.2
2026-09-23T03:35:00+02:00,13.2
2026-09-23T03:40:00+02:00,13.2
2026-09-23T03:45:00+02:00,13.3
2026-09-23T03:50:00+02:00,13.1
2026-09-23T03:55:00+02:00,13.1
2026-09-23T04:00:00+02:00,13.2
2026-09-23T04:05:00+02:00,13.1
2026-09-23T04:10:00+02:00,12.5
2026-09-23T04:15:00+02:00,13.3
2026-09-23T04:20:00+02:00,13
2026-09-23T04:25:00+02:00,13.1
2026-09-23T04:30:00+02:00,13.3
2026-09-23T04:35:00+02:00,13.1
2026-09-23T04:40:00+02:00,13
2026-09-23T04:45:00+02:00,12.2
2026-09-23T04:50:00+02:00,12.1
2026-09-23T04:55:00+02:00,12.2
2026-09-23T05:00:00+02:00,12.1
2026-09-23T05:05:00+02:00,12
2026-09-23T05:10:00+02:00,11.7
2026-09-23T05:15:00+02:00,12.5
2026-09-23T05:20:00+02:00,12
2026-09-23T05:25:00+02:00,12
2026-09-23T05:30:00+02:00,12.9
2026-09-23T05:35:00+02:00,12.7
2026-09-23T05:40:00+02:00,12.2
2026-09-23T05:45:00+02:00,12.8
2026-09-23T05:50:00+02:00,12.7
2026-09-23T05:55:00+02:00,13
2026-09-23T06:00:00+02:00,12.9
2026-09-23T06:05:00+02:00,12.9
2026-09-23T06:10:00+02:00,12.9
2026-09-23T06:15:00+02:00,12.8
2026-09-23T06:20:00+02:00,12.7
2026-09-23T06:25:00+02:00,12.8
2026-09-23T06:30:00+02:00,12.9
2026-09-23T06:35:00+02:00,13.1
2026-09-23T06:40:00+02:00,12.8
2026-09-23T06:45:00+02:00,12.9
2026-09-23T06:50:00+02:00,12.5
2026-09-23T06:55:00+02:00,12.6
2026-09-23T07:00:00+02:00,13
2026-09-23T07:05:00+02:00,12.6
2026-09-23T07:10:00+02:00,12.6
2026-09-23T07:15:00+02:00,13.1
2026-09-23T07:20:00+02:00,13.1
2026-09-23T07:25:00+02:00,12.9
2026-09-23T07:30:00+02:00,12.8
2026-09-23T07:35:00+02:00,12.5
2026-09-23T07:40:00+02:00,12.8
2026-09-23T07:45:00+02:00,13.4
2026-09-23T07:50:00+02:00,13.1
2026-09-23T07:55:00+02:00,14.2
2026-09-23T08:00:00+02:00,13.6
2026-09-23T08:05:00+02:00,13.8
2026-09-23T08:10:00+02:00,14.3
2026-09-23T08:15:00+02:00,16
2026-09-23T08:20:00+02:00,17.2
2026-09-23T08:25:00+02:00,17.2
2026-09-23T08:30:00+02:00,15.9
2026-09-23T08:35:00+02:00,15.7
2026-09-23T08:40:00+02:00,14.8
2026-09-23T08:45:00+02:00,14
2026-09-23T08:50:00+02:00,13.8
2026-09-23T08:55:00+02:00,12.7
2026-09-23T09:00:00+02:00,12.4
2026-09-23T09:05:00+02:00,12.6
2026-09-23T09:10:00+02:00,12.1
2026-09-23T09:15:00+02:00,12.1
2026-09-23T09:20:00+02:00,12
2026-09-23T09:25:00+02:00,12.1
2026-09-23T09:30:00+02:00,12.7
2026-09-23T09:35:00+02:00,11.9
2026-09-23T09:40:00+02:00,12.7
2026-09-23T09:45:00+02:00,13.4
2026-09-23T09:50:00+02:00,12.6
2026-09-23T09:55:00+02:00,12.5
2026-09-23T10:00:00+02:00,12.6
2026-09-23T10:05:00+02:00,13.4
2026-09-23T10:10:00+02:00,13.5
2026-09-23T10:15:00+02:00,13.5
2026-09-23T10:20:00+02:00,13.5
2026-09-23T10:25:00+02:00,12.9
2026-09-23T10:30:00+02:00,12.4
2026-09-23T10:35:00+02:00,11.3
2026-09-23T10:40:00+02:00,9.5
2026-09-23T10:45:00+02:00,9.4
2026-09-23T10:50:00+02:00,17.9
2026-09-23T10:55:00+02:00,10.6
2026-09-23T11:00:00+02:00,10.6
2026-09-23T11:05:00+02:00,11.3
2026-09-23T11:10:00+02:00,10.6
2026-09-23T11:15:00+02:00,11.3
2026-09-23T11:20:00+02:00,11.3
2026-09-23T11:25:00+02:00,11.3
2026-09-23T11:30:00+02:00,12
2026-09-23T11:35:00+02:00,10.8
2026-09-23T11:40:00+02:00,12
2026-09-23T11:45:00+02:00,18.7
2026-09-23T11:50:00+02:00,10.8
2026-09-23T11:55:00+02:00,10.8
2026-09-23T12:00:00+02:00,10.8
2026-09-23T12:05:00+02:00,11.4
2026-09-23T12:10:00+02:00,20.5
2026-09-23T12:15:00+02:00,12.6
2026-09-23T12:20:00+02:00,19.3
2026-09-23T12:25:00+02:00,12.1
2026-09-23T12:30:00+02:00,11.5
2026-09-23T12:35:00+02:00,10.3
2026-09-23T12:40:00+02:00,10.5
2026-09-23T12:45:00+02:00,11.5
2026-09-23T12:50:00+02:00,11.5
2026-09-23T12:55:00+02:00,12.1
2026-09-23T13:00:00+02:00,11.6
2026-09-23T13:05:00+02:00,11.6
2026-09-23T13:10:00+02:00,12.7
2026-09-23T13:15:00+02:00,14
2026-09-23T13:20:00+02:00,13.2
2026-09-23T13:25:00+02:00,12.6
2026-09-23T13:30:00+02:00,13.4
2026-09-23T13:35:00+02:00,19
2026-09-23T13:40:00+02:00,12.1
2026-09-23T13:45:00+02:00,11.6
2026-09-23T13:50:00+02:00,11.6
2026-09-23T13:55:00+02:00,13.4
2026-09-23T14:00:00+02:00,11.6
2026-09-23T14:05:00+02:00,11
2026-09-23T14:10:00+02:00,3.6
2026-09-23T14:15:00+02:00,20.8
2026-09-23T14:20:00+02:00,20.2
2026-09-23T14:25:00+02:00,10.5
2026-09-23T14:30:00+02:00,11.6
2026-09-23T14:35:00+02:00,11.7
2026-09-23T14:40:00+02:00,12.3
2026-09-23T14:45:00+02:00,11
2026-09-23T14:50:00+02:00,10.5
2026-09-23T14:55:00+02:00,11.1
2026-09-23T15:00:00+02:00,10.5
2026-09-23T15:05:00+02:00,10.5
2026-09-23T15:10:00+02:00,12.3
2026-09-23T15:15:00+02:00,10.5
2026-09-23T15:20:00+02:00,10.6
2026-09-23T15:25:00+02:00,0.5
2026-09-23T15:30:00+02:00,9.4
2026-09-23T15:35:00+02:00,12.3
2026-09-23T15:40:00+02:00,11.2
2026-09-23T15:45:00+02:00,11.1
2026-09-23T15:50:00+02:00,12.3
2026-09-23T15:55:00+02:00,0
2026-09-23T16:00:00+02:00,11.3
2026-09-23T16:05:00+02:00,11.8
2026-09-23T16:10:00+02:00,11.1
2026-09-23T16:15:00+02:00,11.7
2026-09-23T16:20:00+02:00,0.7
2026-09-23T16:25:00+02:00,11.2
2026-09-23T16:30:00+02:00,11.2
2026-09-23T16:35:00+02:00,10.5
2026-09-23T16:40:00+02:00,10.5
2026-09-23T16:45:00+02:00,10.5
2026-09-23T16:50:00+02:00,11.2
2026-09-23T16:55:00+02:00,10
2026-09-23T17:00:00+02:00,0.8
2026-09-23T17:05:00+02:00,10.7
2026-09-23T17:10:00+02:00,11.2
2026-09-23T17:15:00+02:00,10
2026-09-23T17:20:00+02:00,0.8
2026-09-23T17:25:00+02:00,0.8
2026-09-23T17:30:00+02:00,8.9
2026-09-23T17:35:00+02:00,0.1
2026-09-23T17:40:00+02:00,10.1
2026-09-23T17:45:00+02:00,10.7
2026-09-23T17:50:00+02:00,11.5
2026-09-23T17:55:00+02:00,9.7
2026-09-23T18:00:00+02:00,9.6
2026-09-23T18:05:00+02:00,10.2
2026-09-23T18:10:00+02:00,10.3
2026-09-23T18:15:00+02:00,10.9
2026-09-23T18:20:00+02:00,11.5
2026-09-23T18:25:00+02:00,0.4
2026-09-23T18:30:00+02:00,0.4
2026-09-23T18:35:00+02:00,0.5
2026-09-23T18:40:00+02:00,0
2026-09-23T18:45:00+02:00,0
2026-09-23T18:50:00+02:00,0
2026-09-23T18:55:00+02:00,0
2026-09-23T19:00:00+02:00,0
2026-09-23T19:05:00+02:00,0.8
2026-09-23T19:10:00+02:00,1.5
2026-09-23T19:15:00+02:00,2.5
2026-09-23T19:20:00+02:00,3
2026-09-23T19:25:00+02:00,4.8
2026-09-23T19:30:00+02:00,6.2
2026-09-23T19:35:00+02:00,7
2026-09-23T19:40:00+02:00,9.3
2026-09-23T19:45:00+02:00,8.9
2026-09-23T19:50:00+02:00,9.4
2026-09-23T19:55:00+02:00,10.5
2026-09-23T20:00:00+02:00,11.5
2026-09-23T20:05:00+02:00,11
2026-09-23T20:10:00+02:00,11
2026-09-23T20:15:00+02:00,10.5
2026-09-23T20:20:00+02:00,10.6
2026-09-23T20:25:00+02:00,10.8
2026-09-23T20:30:00+02:00,12
2026-09-23T20:35:00+02:00,12.1
2026-09-23T20:40:00+02:00,12.1
2026-09-23T20:45:00+02:00,12.1
2026-09-23T20:50:00+02:00,12.1
2026-09-23T20:55:00+02:00,12.1
2026-09-23T21:00:00+02:00,12.1
2026-09-23T21:05:00+02:00,12.1
2026-09-23T21:10:00+02:00,12.1
2026-09-23T21:15:00+02:00,12.1
2026-09-23T21:20:00+02:00,12
2026-09-23T21:25:00+02:00,12
2026-09-23T21:30:00+02:00,11.4
2026-09-23T21:35:00+02:00,12
2026-09-23T21:40:00+02:00,11.4
2026-09-23T21:45:00+02:00,11.4
2026-09-23T21:50:00+02:00,11.9
2026-09-23T21:55:00+02:00,11.8
2026-09-23T22:00:00+02:00,12
2026-09-23T22:05:00+02:00,11.4
2026-09-23T22:10:00+02:00,12
2026-09-23T22:15:00+02:00,12
2026-09-23T22:20:00+02:00,12
2026-09-23T22:25:00+02:00,11.4
2026-09-23T22:30:00+02:00,11.2
2026-09-23T22:35:00+02:00,11.8
2026-09-23T22:40:00+02:00,11.8
2026-09-23T22:45:00+02:00,11.4
2026-09-23T22:50:00+02:00,10.6
2026-09-23T22:55:00+02:00,11.8
2026-09-23T23:00:00+02:00,11.8
2026-09-23T23:05:00+02:00,11.3
2026-09-23T23:10:00+02:00,11.2
2026-09-23T23:15:00+02:00,11.2
2026-09-23T23:20:00+02:00,11.8
2026-09-23T23:25:00+02:00,11.7
2026-09-23T23:30:00+02:00,11.2
2026-09-23T23:35:00+02:00,11.1
2026-09-23T23:40:00+02:00,11.8
2026-09-23T23:45:00+02:00,11.7
2026-09-23T23:50:00+02:00,11.7
2026-09-23T23:55:00+02:00,11.7
2026-09-24T00:00:00+02:00,11.2
2026-09-24T00:05:00+02:00,11.2
2026-09-24T00:10:00+02:00,11.7
2026-09-24T00:15:00+02:00,11.1
2026-09-24T00:20:00+02:00,11.1
2026-09-24T00:25:00+02:00,11.7
2026-09-24T00:30:00+02:00,11.2
2026-09-24T00:35:00+02:00,10.7
2026-09-24T00:40:00+02:00,11.3
2026-09-24T00:45:00+02:00,10.7
2026-09-24T00:50:00+02:00,10.7
2026-09-24T00:55:00+02:00,10.8
2026-09-24T01:00:00+02:00,11.5
2026-09-24T01:05:00+02:00,12.3
2026-09-24T01:10:00+02:00,11.3
2026-09-24T01:15:00+02:00,12.3
2026-09-24T01:20:00+02:00,12.4
2026-09-24T01:25:00+02:00,12
2026-09-24T01:30:00+02:00,12.9
2026-09-24T01:35:00+02:00,13.2
