time,temp_c
2026-07-16T09:31:00+02:00,18.4
2026-07-16T09:36:00+02:00,18.7
2026-07-16T09:41:00+02:00,18.7
2026-07-16T09:46:00+02:00,18.6
2026-07-16T09:51:00+02:00,18.8
2026-07-16T09:56:00+02:00,18.3
2026-07-16T10:01:00+02:00,18.3
2026-07-16T10:06:00+02:00,18.6
2026-07-16T10:11:00+02:00,18.6
2026-07-16T10:16:00+02:00,19.6
2026-07-16T10:21:00+02:00,19.6
2026-07-16T10:26:00+02:00,19.6
2026-07-16T10:31:00+02:00,19.7
2026-07-16T10:36:00+02:00,19.7
2026-07-16T10:41:00+02:00,19.8
2026-07-16T10:46:00+02:00,19.8
2026-07-16T10:51:00+02:00,19.8
2026-07-16T10:56:00+02:00,19.8
2026-07-16T11:01:00+02:00,19.8
2026-07-16T11:06:00+02:00,19.8
2026-07-16T11:11:00+02:00,19.8
2026-07-16T11:16:00+02:00,19.9
2026-07-16T11:21:00+02:00,19.9
2026-07-16T11:26:00+02:00,19.9
2026-07-16T11:31:00+02:00,19.9
2026-07-16T11:36:00+02:00,19.9
2026-07-16T11:41:00+02:00,19.9
2026-07-16T11:46:00+02:00,20.1
2026-07-16T11:51:00+02:00,20.1
2026-07-16T11:56:00+02:00,20.2
2026-07-16T12:01:00+02:00,20.2
2026-07-16T12:06:00+02:00,20.3
2026-07-16T12:11:00+02:00,20.4
2026-07-16T12:21:00+02:00,20.6
2026-07-16T12:26:00+02:00,20.6
2026-07-16T12:31:00+02:00,20.6
2026-07-16T12:36:00+02:00,20.6
2026-07-16T12:41:00+02:00,20.8
2026-07-16T12:46:00+02:00,20.9
2026-07-16T12:51:00+02:00,20.9
2026-07-16T12:56:00+02:00,21.1
2026-07-16T13:01:00+02:00,21.1
2026-07-16T13:06:00+02:00,21.3
2026-07-16T13:11:00+02:00,21.4
2026-07-16T13:16:00+02:00,21.4
2026-07-16T13:21:00+02:00,21.6
2026-07-16T13:26:00+02:00,21.6
2026-07-16T13:31:00+02:00,21.6
2026-07-16T13:41:00+02:00,21.8
2026-07-16T13:46:00+02:00,21.8
2026-07-16T13:51:00+02:00,21.8
2026-07-16T14:01:00+02:00,21.9
2026-07-16T14:06:00+02:00,22.0
2026-07-16T14:11:00+02:00,22.0
2026-07-16T14:16:00+02:00,22.0
2026-07-16T14:21:00+02:00,22.1
2026-07-16T14:26:00+02:00,22.1
2026-07-16T14:31:00+02:00,22.1
2026-07-16T14:36:00+02:00,22.1
2026-07-16T14:41:00+02:00,22.3
2026-07-16T14:46:00+02:00,22.3
2026-07-16T14:51:00+02:00,22.3
2026-07-16T14:56:00+02:00,22.3
2026-07-16T15:01:00+02:00,22.3
2026-07-16T15:06:00+02:00,22.3
2026-07-16T15:11:00+02:00,22.3
2026-07-16T15:16:00+02:00,22.3
2026-07-16T15:21:00+02:00,22.4
2026-07-16T15:26:00+02:00,22.4
2026-07-16T15:31:00+02:00,22.4
2026-07-16T15:36:00+02:00,22.3
2026-07-16T15:41:00+02:00,22.3
2026-07-16T15:46:00+02:00,22.4
2026-07-16T15:51:00+02:00,22.4
2026-07-16T15:56:00+02:00,22.4
2026-07-16T16:01:00+02:00,22.5
2026-07-16T16:06:00+02:00,22.5
2026-07-16T16:11:00+02:00,22.6
2026-07-16T16:16:00+02:00,22.5
2026-07-16T16:21:00+02:00,22.6
2026-07-16T16:26:00+02:00,22.6
2026-07-16T16:31:00+02:00,22.8
2026-07-16T16:36:00+02:00,22.8
2026-07-16T16:41:00+02:00,22.8
2026-07-16T16:46:00+02:00,22.8
2026-07-16T16:51:00+02:00,22.8
2026-07-16T16:56:00+02:00,22.6
2026-07-16T17:01:00+02:00,22.6
2026-07-16T17:06:00+02:00,21.6
2026-07-16T17:11:00+02:00,21.4
2026-07-16T17:16:00+02:00,21.4
2026-07-16T17:21:00+02:00,21.0
2026-07-16T17:26:00+02:00,22.9
2026-07-16T17:31:00+02:00,22.9
2026-07-16T17:36:00+02:00,22.9
2026-07-16T17:41:00+02:00,23.1
2026-07-16T17:46:00+02:00,23.1
2026-07-16T17:51:00+02:00,23.2
2026-07-16T17:56:00+02:00,23.2
2026-07-16T18:01:00+02:00,23.2
2026-07-16T18:06:00+02:00,23.2
2026-07-16T18:11:00+02:00,23.3
2026-07-16T18:16:00+02:00,23.3
2026-07-16T18:21:00+02:00,23.3
2026-07-16T18:26:00+02:00,23.3
2026-07-16T18:31:00+02:00,23.3
2026-07-16T18:36:00+02:00,23.2
2026-07-16T18:41:00+02:00,23.2
2026-07-16T18:46:00+02:00,23.3
2026-07-16T18:51:00+02:00,23.3
2026-07-16T18:56:00+02:00,23.3
2026-07-16T19:01:00+02:00,23.3
2026-07-16T19:06:00+02:00,23.2
2026-07-16T19:11:00+02:00,23.2
2026-07-16T19:16:00+02:00,23.1
2026-07-16T19:21:00+02:00,23.1
2026-07-16T19:26:00+02:00,23.1
2026-07-16T19:31:00+02:00,23.1
2026-07-16T19:36:00+02:00,23.1
2026-07-16T19:41:00+02:00,23.1
2026-07-16T19:46:00+02:00,23.1
2026-07-16T19:51:00+02:00,23.3
2026-07-16T19:56:00+02:00,23.1
2026-07-16T20:01:00+02:00,23.1
2026-07-16T20:06:00+02:00,23.1
2026-07-16T20:11:00+02:00,23.1
2026-07-16T20:16:00+02:00,23.0
2026-07-16T20:21:00+02:00,23.0
2026-07-16T20:26:00+02:00,23.0
2026-07-16T20:31:00+02:00,22.9
2026-07-16T20:36:00+02:00,22.9
2026-07-16T20:41:00+02:00,22.9
2026-07-16T20:46:00+02:00,22.9
2026-07-16T20:51:00+02:00,22.9
2026-07-16T20:56:00+02:00,22.9
2026-07-16T21:01:00+02:00,22.9
2026-07-16T21:06:00+02:00,22.8
2026-07-16T21:11:00+02:00,22.8
2026-07-16T21:16:00+02:00,22.7
2026-07-16T21:21:00+02:00,22.7
2026-07-16T21:26:00+02:00,22.7
2026-07-16T21:31:00+02:00,22.7
2026-07-16T21:36:00+02:00,22.6
2026-07-16T21:41:00+02:00,22.6
2026-07-16T21:46:00+02:00,22.6
2026-07-16T21:51:00+02:00,22.5
2026-07-16T21:56:00+02:00,22.5
2026-07-16T22:01:00+02:00,22.4
2026-07-16T22:06:00+02:00,22.4
2026-07-16T22:11:00+02:00,22.4
2026-07-16T22:16:00+02:00,22.4
2026-07-16T22:21:00+02:00,22.3
2026-07-16T22:26:00+02:00,22.3
2026-07-16T22:31:00+02:00,22.3
2026-07-16T22:36:00+02:00,22.2
2026-07-16T22:41:00+02:00,22.2
2026-07-16T22:46:00+02:00,22.2
2026-07-16T22:51:00+02:00,22.2
2026-07-16T22:56:00+02:00,22.2
2026-07-16T23:01:00+02:00,22.1
2026-07-16T23:06:00+02:00,22.0
2026-07-16T23:11:00+02:00,22.0
2026-07-16T23:16:00+02:00,22.0
2026-07-16T23:21:00+02:00,21.9
2026-07-16T23:26:00+02:00,22.0
2026-07-16T23:31:00+02:00,21.9
2026-07-16T23:36:00+02:00,21.9
2026-07-16T23:41:00+02:00,21.9
2026-07-16T23:46:00+02:00,21.9
2026-07-16T23:51:00+02:00,21.8
2026-07-16T23:56:00+02:00,21.8
2026-07-17T00:01:00+02:00,21.8
2026-07-17T00:06:00+02:00,21.7
2026-07-17T00:11:00+02:00,21.8
2026-07-17T00:16:00+02:00,21.7
2026-07-17T00:21:00+02:00,21.6
2026-07-17T00:26:00+02:00,21.6
2026-07-17T00:31:00+02:00,21.6
2026-07-17T00:36:00+02:00,21.6
2026-07-17T00:41:00+02:00,21.6
2026-07-17T00:46:00+02:00,21.6
2026-07-17T00:51:00+02:00,21.6
2026-07-17T00:56:00+02:00,21.6
2026-07-17T01:01:00+02:00,21.6
2026-07-17T01:06:00+02:00,21.5
2026-07-17T01:11:00+02:00,21.4
2026-07-17T01:16:00+02:00,21.4
2026-07-17T01:21:00+02:00,21.4
2026-07-17T01:26:00+02:00,21.4
2026-07-17T01:31:00+02:00,21.4
2026-07-17T01:36:00+02:00,21.4
2026-07-17T01:41:00+02:00,21.4
2026-07-17T01:46:00+02:00,21.4
2026-07-17T01:51:00+02:00,21.4
2026-07-17T01:56:00+02:00,21.3
2026-07-17T02:01:00+02:00,21.3
2026-07-17T02:06:00+02:00,21.3
2026-07-17T02:11:00+02:00,21.3
2026-07-17T02:16:00+02:00,21.3
2026-07-17T02:21:00+02:00,21.3
2026-07-17T02:26:00+02:00,21.3
2026-07-17T02:31:00+02:00,21.3
2026-07-17T02:36:00+02:00,21.3
2026-07-17T02:41:00+02:00,21.2
2026-07-17T02:46:00+02:00,21.2
2026-07-17T02:51:00+02:00,21.1
2026-07-17T02:56:00+02:00,21.1
2026-07-17T03:01:00+02:00,21.1
2026-07-17T03:06:00+02:00,21.1
2026-07-17T03:11:00+02:00,21.1
2026-07-17T03:16:00+02:00,21.1
2026-07-17T03:21:00+02:00,21.1
2026-07-17T03:26:00+02:00,21.0
2026-07-17T03:31:00+02:00,19.6
2026-07-17T03:36:00+02:00,19.5
2026-07-17T03:41:00+02:00,19.5
2026-07-17T03:46:00+02:00,19.3
2026-07-17T03:51:00+02:00,19.3
2026-07-17T03:56:00+02:00,19.3
2026-07-17T04:01:00+02:00,19.1
2026-07-17T04:06:00+02:00,19.1
2026-07-17T04:11:00+02:00,20.4
2026-07-17T04:16:00+02:00,20.4
2026-07-17T04:21:00+02:00,20.4
2026-07-17T04:26:00+02:00,20.5
2026-07-17T04:31:00+02:00,20.5
2026-07-17T04:36:00+02:00,20.5
2026-07-17T04:41:00+02:00,20.5
2026-07-17T04:46:00+02:00,20.5
2026-07-17T04:51:00+02:00,20.4
2026-07-17T04:56:00+02:00,20.4
2026-07-17T05:01:00+02:00,19.6
2026-07-17T05:06:00+02:00,19.0
2026-07-17T05:11:00+02:00,19.0
2026-07-17T05:16:00+02:00,18.8
2026-07-17T05:21:00+02:00,20.1
2026-07-17T05:26:00+02:00,20.1
2026-07-17T05:31:00+02:00,20.4
2026-07-17T05:36:00+02:00,20.4
2026-07-17T05:41:00+02:00,20.4
2026-07-17T05:46:00+02:00,20.4
2026-07-17T05:51:00+02:00,20.4
2026-07-17T05:56:00+02:00,20.4
2026-07-17T06:01:00+02:00,20.4
2026-07-17T06:06:00+02:00,20.4
2026-07-17T06:11:00+02:00,20.4
2026-07-17T06:16:00+02:00,20.4
2026-07-17T06:21:00+02:00,20.4
2026-07-17T06:26:00+02:00,20.4
2026-07-17T06:31:00+02:00,20.4
2026-07-17T06:36:00+02:00,20.4
2026-07-17T06:41:00+02:00,20.4
2026-07-17T06:46:00+02:00,19.9
2026-07-17T06:51:00+02:00,19.3
2026-07-17T06:56:00+02:00,19.2
2026-07-17T07:01:00+02:00,19.2
2026-07-17T07:06:00+02:00,20.0
2026-07-17T07:11:00+02:00,20.0
2026-07-17T07:16:00+02:00,20.2
2026-07-17T07:21:00+02:00,20.3
2026-07-17T07:26:00+02:00,20.2
2026-07-17T07:31:00+02:00,20.3
2026-07-17T07:36:00+02:00,20.3
2026-07-17T07:41:00+02:00,20.3
2026-07-17T07:46:00+02:00,20.3
2026-07-17T07:51:00+02:00,20.3
2026-07-17T07:56:00+02:00,20.3
2026-07-17T08:01:00+02:00,20.2
2026-07-17T08:06:00+02:00,20.3
2026-07-17T08:11:00+02:00,20.3
2026-07-17T08:16:00+02:00,20.3
2026-07-17T08:21:00+02:00,20.3
2026-07-17T08:26:00+02:00,20.2
2026-07-17T08:31:00+02:00,19.6
2026-07-17T08:36:00+02:00,19.2
2026-07-17T08:41:00+02:00,19.1
2026-07-17T08:46:00+02:00,19.1
2026-07-17T08:51:00+02:00,19.6
2026-07-17T08:56:00+02:00,19.6
2026-07-17T09:01:00+02:00,20.1
2026-07-17T09:06:00+02:00,20.1
2026-07-17T09:11:00+02:00,20.1
2026-07-17T09:16:00+02:00,20.0
2026-07-17T09:21:00+02:00,20.1
2026-07-17T09:26:00+02:00,20.1
2026-07-17T09:31:00+02:00,20.1
2026-07-17T09:36:00+02:00,20.1
2026-07-17T09:41:00+02:00,20.1
2026-07-17T09:46:00+02:00,20.1
2026-07-17T09:51:00+02:00,20.1
2026-07-17T09:56:00+02:00,20.1
2026-07-17T10:01:00+02:00,20.1
2026-07-17T10:06:00+02:00,20.1
2026-07-17T10:11:00+02:00,20.1
2026-07-17T10:16:00+02:00,20.1
2026-07-17T10:21:00+02:00,20.1
2026-07-17T10:26:00+02:00,20.1
2026-07-17T10:31:00+02:00,20.1
2026-07-17T10:36:00+02:00,20.1
2026-07-17T10:41:00+02:00,20.2
2026-07-17T10:46:00+02:00,20.1
2026-07-17T10:51:00+02:00,20.3
2026-07-17T10:56:00+02:00,20.2
2026-07-17T11:01:00+02:00,20.2
2026-07-17T11:06:00+02:00,20.3
2026-07-17T11:11:00+02:00,20.3
2026-07-17T11:16:00+02:00,20.3
2026-07-17T11:21:00+02:00,20.4
2026-07-17T11:26:00+02:00,20.4
2026-07-17T11:31:00+02:00,20.4
2026-07-17T11:36:00+02:00,20.4
2026-07-17T11:41:00+02:00,20.4
2026-07-17T11:46:00+02:00,20.5
2026-07-17T11:51:00+02:00,20.5
2026-07-17T11:56:00+02:00,20.5
2026-07-17T12:01:00+02:00,20.6
2026-07-17T12:06:00+02:00,20.8
2026-07-17T12:11:00+02:00,20.8
2026-07-17T12:16:00+02:00,20.8
2026-07-17T12:21:00+02:00,20.8
2026-07-17T12:26:00+02:00,20.8
2026-07-17T12:31:00+02:00,20.9
2026-07-17T12:36:00+02:00,20.9
2026-07-17T12:41:00+02:00,20.8
2026-07-17T12:46:00+02:00,20.9
2026-07-17T12:51:00+02:00,20.9
2026-07-17T12:56:00+02:00,21.0
2026-07-17T13:01:00+02:00,21.1
2026-07-17T13:06:00+02:00,21.1
2026-07-17T13:11:00+02:00,21.3
2026-07-17T13:16:00+02:00,21.3
2026-07-17T13:21:00+02:00,21.3
2026-07-17T13:26:00+02:00,21.4
2026-07-17T13:31:00+02:00,21.3
2026-07-17T13:36:00+02:00,21.4
2026-07-17T13:41:00+02:00,21.4
2026-07-17T13:46:00+02:00,21.4
2026-07-17T13:51:00+02:00,21.5
2026-07-17T13:56:00+02:00,21.6
2026-07-17T14:01:00+02:00,21.6
2026-07-17T14:06:00+02:00,21.6
2026-07-17T14:11:00+02:00,21.6
2026-07-17T14:16:00+02:00,21.6
2026-07-17T14:21:00+02:00,21.7
2026-07-17T14:26:00+02:00,21.8
2026-07-17T14:31:00+02:00,21.8
2026-07-17T14:36:00+02:00,21.9
2026-07-17T14:41:00+02:00,21.9
2026-07-17T14:46:00+02:00,21.9
2026-07-17T14:51:00+02:00,21.9
2026-07-17T14:56:00+02:00,21.9
2026-07-17T15:01:00+02:00,21.9
2026-07-17T15:06:00+02:00,22.0
2026-07-17T15:11:00+02:00,21.9
2026-07-17T15:16:00+02:00,21.9
2026-07-17T15:21:00+02:00,22.0
2026-07-17T15:26:00+02:00,22.0
2026-07-17T15:31:00+02:00,22.1
2026-07-17T15:36:00+02:00,22.1
2026-07-17T15:41:00+02:00,22.1
2026-07-17T15:46:00+02:00,22.1
2026-07-17T15:51:00+02:00,22.2
2026-07-17T15:56:00+02:00,22.2
2026-07-17T16:01:00+02:00,22.2
2026-07-17T16:06:00+02:00,22.2
2026-07-17T16:11:00+02:00,22.2
2026-07-17T16:16:00+02:00,22.2
2026-07-17T16:21:00+02:00,22.3
2026-07-17T16:26:00+02:00,22.3
2026-07-17T16:31:00+02:00,22.1
2026-07-17T16:36:00+02:00,21.9
2026-07-17T16:41:00+02:00,20.7
2026-07-17T16:46:00+02:00,20.3
2026-07-17T16:51:00+02:00,20.3
2026-07-17T16:56:00+02:00,20.3
2026-07-17T17:01:00+02:00,19.9
2026-07-17T17:06:00+02:00,19.8
2026-07-17T17:11:00+02:00,19.7
2026-07-17T17:16:00+02:00,20.1
2026-07-17T17:21:00+02:00,20.3
2026-07-17T17:26:00+02:00,20.6
2026-07-17T17:31:00+02:00,20.4
2026-07-17T17:36:00+02:00,20.4
2026-07-17T17:41:00+02:00,20.6
2026-07-17T17:46:00+02:00,20.6
2026-07-17T17:51:00+02:00,20.7
2026-07-17T17:56:00+02:00,20.8
2026-07-17T18:01:00+02:00,20.8
2026-07-17T18:06:00+02:00,20.9
2026-07-17T18:11:00+02:00,20.8
2026-07-17T18:16:00+02:00,20.9
2026-07-17T18:21:00+02:00,20.9
2026-07-17T18:26:00+02:00,20.8
2026-07-17T18:31:00+02:00,20.9
2026-07-17T18:36:00+02:00,20.9
2026-07-17T18:41:00+02:00,20.7
2026-07-17T18:46:00+02:00,20.8
2026-07-17T18:51:00+02:00,20.8
2026-07-17T18:56:00+02:00,20.8
2026-07-17T19:01:00+02:00,20.8
2026-07-17T19:06:00+02:00,20.7
2026-07-17T19:11:00+02:00,20.8
2026-07-17T19:16:00+02:00,20.8
2026-07-17T19:21:00+02:00,20.6
2026-07-17T19:26:00+02:00,20.6
2026-07-17T19:31:00+02:00,20.8
2026-07-17T19:36:00+02:00,20.5
2026-07-17T19:41:00+02:00,20.3
2026-07-17T19:46:00+02:00,20.4
2026-07-17T19:51:00+02:00,20.4
2026-07-17T19:56:00+02:00,20.2
2026-07-17T20:01:00+02:00,20.1
2026-07-17T20:06:00+02:00,20.1
2026-07-17T20:11:00+02:00,19.9
2026-07-17T20:16:00+02:00,19.9
2026-07-17T20:21:00+02:00,19.7
2026-07-17T20:26:00+02:00,19.7
2026-07-17T20:31:00+02:00,19.5
2026-07-17T20:36:00+02:00,19.5
2026-07-17T20:41:00+02:00,19.6
2026-07-17T20:46:00+02:00,19.7
2026-07-17T20:51:00+02:00,19.7
2026-07-17T20:56:00+02:00,19.4
2026-07-17T21:01:00+02:00,19.5
2026-07-17T21:06:00+02:00,19.5
2026-07-17T21:11:00+02:00,19.8
2026-07-17T21:16:00+02:00,19.8
2026-07-17T21:21:00+02:00,19.8
2026-07-17T21:26:00+02:00,19.7
2026-07-17T21:31:00+02:00,19.8
2026-07-17T21:36:00+02:00,19.8
2026-07-17T21:41:00+02:00,19.8
2026-07-17T21:46:00+02:00,19.9
2026-07-17T21:51:00+02:00,19.9
2026-07-17T21:56:00+02:00,19.9
2026-07-17T22:01:00+02:00,19.8
2026-07-17T22:06:00+02:00,19.8
2026-07-17T22:11:00+02:00,19.8
2026-07-17T22:16:00+02:00,19.9
2026-07-17T22:21:00+02:00,19.9
2026-07-17T22:26:00+02:00,19.9
2026-07-17T22:31:00+02:00,19.8
2026-07-17T22:36:00+02:00,19.8
2026-07-17T22:41:00+02:00,19.8
2026-07-17T22:46:00+02:00,19.8
2026-07-17T22:51:00+02:00,19.8
2026-07-17T22:56:00+02:00,19.7
2026-07-17T23:01:00+02:00,19.7
2026-07-17T23:06:00+02:00,19.8
2026-07-17T23:11:00+02:00,19.8
2026-07-17T23:16:00+02:00,19.6
2026-07-17T23:21:00+02:00,19.6
2026-07-17T23:26:00+02:00,19.6
2026-07-17T23:31:00+02:00,19.5
2026-07-17T23:36:00+02:00,19.6
2026-07-17T23:41:00+02:00,19.6
2026-07-17T23:46:00+02:00,19.7
2026-07-17T23:51:00+02:00,19.6
2026-07-17T23:56:00+02:00,19.6
2026-07-18T00:01:00+02:00,19.5
2026-07-18T00:06:00+02:00,19.4
2026-07-18T00:11:00+02:00,19.4
2026-07-18T00:16:00+02:00,19.4
2026-07-18T00:21:00+02:00,19.4
2026-07-18T00:26:00+02:00,19.3
2026-07-18T00:31:00+02:00,19.3
2026-07-18T00:36:00+02:00,19.3
2026-07-18T00:41:00+02:00,19.2
2026-07-18T00:46:00+02:00,19.3
2026-07-18T00:51:00+02:00,19.3
2026-07-18T00:56:00+02:00,19.3
2026-07-18T01:01:00+02:00,19.4
2026-07-18T01:06:00+02:00,19.3
2026-07-18T01:11:00+02:00,19.3
2026-07-18T01:16:00+02:00,19.3
2026-07-18T01:21:00+02:00,19.3
2026-07-18T01:26:00+02:00,19.2
2026-07-18T01:31:00+02:00,19.3
2026-07-18T01:36:00+02:00,19.3
2026-07-18T01:41:00+02:00,19.1
2026-07-18T01:46:00+02:00,19.1
2026-07-18T01:51:00+02:00,19.2
2026-07-18T01:56:00+02:00,19.1
2026-07-18T02:01:00+02:00,19.1
2026-07-18T02:06:00+02:00,19.2
2026-07-18T02:11:00+02:00,19.2
2026-07-18T02:16:00+02:00,19.1
2026-07-18T02:21:00+02:00,19.0
2026-07-18T02:26:00+02:00,19.1
2026-07-18T02:31:00+02:00,19.1
2026-07-18T02:36:00+02:00,19.1
2026-07-18T02:41:00+02:00,19.0
2026-07-18T02:46:00+02:00,18.9
2026-07-18T02:51:00+02:00,18.9
2026-07-18T02:56:00+02:00,18.9
2026-07-18T03:01:00+02:00,18.9
2026-07-18T03:06:00+02:00,18.9
2026-07-18T03:11:00+02:00,18.9
2026-07-18T03:16:00+02:00,18.9
2026-07-18T03:21:00+02:00,18.9
2026-07-18T03:26:00+02:00,18.9
2026-07-18T03:31:00+02:00,18.9
2026-07-18T03:36:00+02:00,18.8
2026-07-18T03:41:00+02:00,18.9
2026-07-18T03:46:00+02:00,18.8
2026-07-18T03:51:00+02:00,18.8
2026-07-18T03:56:00+02:00,18.8
2026-07-18T04:01:00+02:00,18.8
2026-07-18T04:06:00+02:00,18.8
2026-07-18T04:11:00+02:00,18.7
2026-07-18T04:16:00+02:00,18.6
2026-07-18T04:21:00+02:00,18.7
2026-07-18T04:26:00+02:00,18.7
2026-07-18T04:31:00+02:00,18.6
2026-07-18T04:36:00+02:00,18.7
2026-07-18T04:41:00+02:00,18.6
2026-07-18T04:46:00+02:00,18.5
2026-07-18T04:51:00+02:00,18.4
2026-07-18T04:56:00+02:00,18.4
2026-07-18T05:01:00+02:00,18.4
2026-07-18T05:06:00+02:00,18.3
2026-07-18T05:11:00+02:00,18.4
2026-07-18T05:16:00+02:00,18.4
2026-07-18T05:21:00+02:00,18.4
2026-07-18T05:26:00+02:00,18.4
2026-07-18T05:31:00+02:00,18.3
2026-07-18T05:36:00+02:00,18.3
2026-07-18T05:41:00+02:00,18.3
2026-07-18T05:46:00+02:00,18.3
2026-07-18T05:51:00+02:00,18.3
2026-07-18T05:56:00+02:00,18.3
2026-07-18T06:01:00+02:00,18.4
2026-07-18T06:06:00+02:00,18.4
2026-07-18T06:11:00+02:00,18.4
2026-07-18T06:16:00+02:00,18.3
2026-07-18T06:21:00+02:00,18.4
2026-07-18T06:26:00+02:00,18.6
2026-07-18T06:31:00+02:00,18.6
2026-07-18T06:36:00+02:00,18.6
2026-07-18T06:41:00+02:00,18.5
2026-07-18T06:46:00+02:00,18.4
2026-07-18T06:51:00+02:00,18.4
2026-07-18T06:56:00+02:00,18.4
2026-07-18T07:01:00+02:00,18.5
2026-07-18T07:06:00+02:00,18.4
2026-07-18T07:11:00+02:00,18.4
2026-07-18T07:16:00+02:00,18.5
2026-07-18T07:21:00+02:00,18.6
2026-07-18T07:26:00+02:00,18.6
2026-07-18T07:31:00+02:00,18.6
2026-07-18T07:36:00+02:00,18.6
2026-07-18T07:41:00+02:00,18.5
2026-07-18T07:46:00+02:00,18.6
2026-07-18T07:51:00+02:00,18.6
2026-07-18T07:56:00+02:00,18.6
2026-07-18T08:01:00+02:00,18.6
2026-07-18T08:06:00+02:00,18.6
2026-07-18T08:11:00+02:00,18.7
2026-07-18T08:16:00+02:00,18.8
2026-07-18T08:21:00+02:00,18.8
2026-07-18T08:26:00+02:00,18.8
2026-07-18T08:31:00+02:00,18.7
2026-07-18T08:36:00+02:00,18.8
2026-07-18T08:41:00+02:00,18.8
2026-07-18T08:46:00+02:00,18.9
2026-07-18T08:51:00+02:00,18.9
2026-07-18T08:56:00+02:00,18.9
2026-07-18T09:01:00+02:00,18.9
2026-07-18T09:06:00+02:00,18.8
2026-07-18T09:11:00+02:00,18.9
2026-07-18T09:16:00+02:00,18.9
2026-07-18T09:21:00+02:00,19.0
2026-07-18T09:26:00+02:00,19.1
2026-07-18T09:31:00+02:00,19.1
2026-07-18T09:36:00+02:00,19.1
2026-07-18T09:41:00+02:00,19.0
2026-07-18T09:46:00+02:00,19.0
2026-07-18T09:51:00+02:00,19.1
2026-07-18T09:56:00+02:00,19.1
2026-07-18T10:01:00+02:00,19.1
2026-07-18T10:06:00+02:00,19.3
2026-07-18T10:11:00+02:00,19.3
2026-07-18T10:16:00+02:00,19.3
2026-07-18T10:21:00+02:00,19.3
2026-07-18T10:26:00+02:00,19.4
2026-07-18T10:31:00+02:00,19.4
2026-07-18T10:36:00+02:00,19.4
2026-07-18T10:41:00+02:00,19.5
2026-07-18T10:46:00+02:00,19.4
2026-07-18T10:51:00+02:00,19.6
2026-07-18T10:56:00+02:00,19.5
2026-07-18T11:01:00+02:00,19.5
2026-07-18T11:06:00+02:00,19.6
2026-07-18T11:11:00+02:00,19.6
2026-07-18T11:16:00+02:00,19.8
2026-07-18T11:21:00+02:00,19.8
2026-07-18T11:26:00+02:00,19.9
2026-07-18T11:31:00+02:00,20.1
2026-07-18T11:36:00+02:00,20.1
2026-07-18T11:41:00+02:00,19.9
2026-07-18T11:46:00+02:00,19.9
2026-07-18T11:51:00+02:00,20.0
2026-07-18T11:56:00+02:00,20.1
2026-07-18T12:01:00+02:00,19.9
2026-07-18T12:06:00+02:00,20.1
2026-07-18T12:11:00+02:00,20.1
2026-07-18T12:16:00+02:00,20.3
2026-07-18T12:21:00+02:00,20.4
2026-07-18T12:26:00+02:00,20.5
2026-07-18T12:31:00+02:00,20.6
2026-07-18T12:36:00+02:00,20.4
2026-07-18T12:41:00+02:00,20.4
2026-07-18T12:46:00+02:00,20.5
2026-07-18T12:51:00+02:00,20.6
2026-07-18T12:56:00+02:00,20.6
2026-07-18T13:01:00+02:00,20.6
2026-07-18T13:06:00+02:00,20.6
2026-07-18T13:11:00+02:00,20.5
2026-07-18T13:16:00+02:00,20.5
2026-07-18T13:21:00+02:00,20.5
2026-07-18T13:26:00+02:00,20.5
2026-07-18T13:31:00+02:00,20.9
2026-07-18T13:36:00+02:00,20.9
2026-07-18T13:41:00+02:00,20.8
2026-07-18T13:46:00+02:00,20.9
2026-07-18T13:51:00+02:00,20.9
2026-07-18T13:56:00+02:00,20.9
2026-07-18T14:01:00+02:00,20.9
2026-07-18T14:06:00+02:00,21.0
2026-07-18T14:11:00+02:00,21.0
2026-07-18T14:16:00+02:00,21.2
2026-07-18T14:21:00+02:00,21.2
2026-07-18T14:26:00+02:00,21.3
2026-07-18T14:31:00+02:00,21.3
2026-07-18T14:36:00+02:00,21.6
2026-07-18T14:41:00+02:00,21.6
2026-07-18T14:46:00+02:00,21.6
2026-07-18T14:51:00+02:00,21.5
2026-07-18T14:56:00+02:00,21.7
2026-07-18T15:01:00+02:00,21.7
2026-07-18T15:06:00+02:00,21.7
2026-07-18T15:11:00+02:00,21.7
2026-07-18T15:16:00+02:00,21.8
2026-07-18T15:21:00+02:00,21.7
2026-07-18T15:26:00+02:00,21.7
2026-07-18T15:31:00+02:00,21.8
2026-07-18T15:36:00+02:00,21.8
2026-07-18T15:41:00+02:00,21.8
2026-07-18T15:46:00+02:00,21.7
2026-07-18T15:51:00+02:00,21.8
2026-07-18T15:56:00+02:00,21.7
2026-07-18T16:01:00+02:00,21.9
2026-07-18T16:06:00+02:00,22.1
2026-07-18T16:11:00+02:00,22.0
2026-07-18T16:16:00+02:00,21.9
2026-07-18T16:21:00+02:00,22.0
2026-07-18T16:26:00+02:00,22.1
2026-07-18T16:31:00+02:00,22.0
2026-07-18T16:36:00+02:00,22.2
2026-07-18T16:41:00+02:00,22.4
2026-07-18T16:46:00+02:00,22.4
2026-07-18T16:51:00+02:00,22.3
2026-07-18T16:56:00+02:00,22.2
2026-07-18T17:01:00+02:00,22.1
2026-07-18T17:06:00+02:00,22.1
2026-07-18T17:11:00+02:00,21.5
2026-07-18T17:16:00+02:00,21.4
2026-07-18T17:21:00+02:00,21.4
2026-07-18T17:26:00+02:00,21.4
2026-07-18T17:31:00+02:00,21.6
2026-07-18T17:36:00+02:00,21.7
2026-07-18T17:41:00+02:00,21.8
2026-07-18T17:46:00+02:00,21.8
2026-07-18T17:51:00+02:00,21.9
2026-07-18T17:56:00+02:00,21.8
2026-07-18T18:01:00+02:00,21.9
2026-07-18T18:06:00+02:00,21.9
2026-07-18T18:11:00+02:00,21.9
2026-07-18T18:16:00+02:00,21.9
2026-07-18T18:21:00+02:00,21.9
2026-07-18T18:26:00+02:00,21.9
2026-07-18T18:31:00+02:00,22.1
2026-07-18T18:36:00+02:00,22.1
2026-07-18T18:41:00+02:00,22.1
2026-07-18T18:46:00+02:00,22.1
2026-07-18T18:51:00+02:00,22.1
2026-07-18T18:56:00+02:00,22.1
2026-07-18T19:01:00+02:00,22.1
2026-07-18T19:06:00+02:00,22.1
2026-07-18T19:11:00+02:00,22.1
2026-07-18T19:16:00+02:00,22.1
2026-07-18T19:21:00+02:00,22.0
2026-07-18T19:26:00+02:00,22.0
2026-07-18T19:31:00+02:00,22.0
2026-07-18T19:36:00+02:00,22.0
2026-07-18T19:41:00+02:00,22.0
2026-07-18T19:46:00+02:00,22.0
2026-07-18T19:51:00+02:00,22.1
2026-07-18T19:56:00+02:00,22.1
2026-07-18T20:01:00+02:00,22.1
2026-07-18T20:06:00+02:00,22.4
2026-07-18T20:11:00+02:00,22.4
2026-07-18T20:16:00+02:00,22.5
2026-07-18T20:21:00+02:00,22.6
2026-07-18T20:26:00+02:00,22.6
2026-07-18T20:31:00+02:00,22.7
2026-07-18T20:36:00+02:00,22.7
2026-07-18T20:41:00+02:00,22.7
2026-07-18T20:46:00+02:00,22.6
2026-07-18T20:51:00+02:00,22.3
2026-07-18T20:56:00+02:00,22.3
2026-07-18T21:01:00+02:00,22.3
2026-07-18T21:06:00+02:00,22.3
2026-07-18T21:11:00+02:00,22.1
2026-07-18T21:16:00+02:00,22.0
2026-07-18T21:21:00+02:00,21.9
2026-07-18T21:26:00+02:00,21.8
2026-07-18T21:31:00+02:00,21.8
2026-07-18T21:36:00+02:00,21.8
2026-07-18T21:41:00+02:00,21.6
2026-07-18T21:46:00+02:00,21.6
2026-07-18T21:51:00+02:00,21.5
2026-07-18T21:56:00+02:00,21.4
2026-07-18T22:01:00+02:00,21.4
2026-07-18T22:06:00+02:00,21.3
2026-07-18T22:11:00+02:00,21.3
2026-07-18T22:16:00+02:00,21.3
2026-07-18T22:21:00+02:00,21.3
2026-07-18T22:26:00+02:00,21.3
2026-07-18T22:31:00+02:00,21.2
2026-07-18T22:36:00+02:00,21.1
2026-07-18T22:41:00+02:00,21.1
2026-07-18T22:46:00+02:00,21.1
2026-07-18T22:51:00+02:00,21.1
2026-07-18T22:56:00+02:00,21.1
2026-07-18T23:01:00+02:00,21.0
2026-07-18T23:06:00+02:00,21.0
2026-07-18T23:11:00+02:00,20.9
2026-07-18T23:16:00+02:00,20.9
2026-07-18T23:21:00+02:00,20.9
2026-07-18T23:26:00+02:00,20.9
2026-07-18T23:31:00+02:00,20.9
2026-07-18T23:36:00+02:00,20.8
2026-07-18T23:41:00+02:00,20.8
2026-07-18T23:46:00+02:00,20.7
2026-07-18T23:51:00+02:00,20.7
2026-07-18T23:56:00+02:00,20.7
2026-07-19T00:01:00+02:00,20.6
2026-07-19T00:06:00+02:00,20.7
2026-07-19T00:11:00+02:00,20.7
2026-07-19T00:16:00+02:00,20.6
2026-07-19T00:21:00+02:00,20.6
2026-07-19T00:26:00+02:00,20.5
2026-07-19T00:31:00+02:00,20.5
2026-07-19T00:36:00+02:00,20.4
2026-07-19T00:41:00+02:00,20.4
2026-07-19T00:46:00+02:00,20.4
2026-07-19T00:51:00+02:00,20.3
2026-07-19T00:56:00+02:00,20.4
2026-07-19T01:01:00+02:00,20.3
2026-07-19T01:06:00+02:00,20.2
2026-07-19T01:11:00+02:00,20.2
2026-07-19T01:16:00+02:00,20.1
2026-07-19T01:21:00+02:00,20.1
2026-07-19T01:26:00+02:00,20.0
2026-07-19T01:31:00+02:00,20.0
2026-07-19T01:36:00+02:00,19.8
2026-07-19T01:41:00+02:00,19.8
2026-07-19T01:46:00+02:00,19.9
2026-07-19T01:51:00+02:00,19.9
2026-07-19T01:56:00+02:00,19.9
2026-07-19T02:01:00+02:00,19.9
2026-07-19T02:06:00+02:00,19.8
2026-07-19T02:11:00+02:00,19.8
2026-07-19T02:16:00+02:00,19.8
2026-07-19T02:21:00+02:00,19.8
2026-07-19T02:26:00+02:00,19.6
2026-07-19T02:31:00+02:00,19.6
2026-07-19T02:36:00+02:00,19.5
2026-07-19T02:41:00+02:00,19.4
2026-07-19T02:46:00+02:00,19.4
2026-07-19T02:51:00+02:00,19.5
2026-07-19T02:56:00+02:00,19.4
2026-07-19T03:01:00+02:00,19.4
2026-07-19T03:06:00+02:00,19.4
2026-07-19T03:11:00+02:00,19.4
2026-07-19T03:16:00+02:00,19.4
2026-07-19T03:21:00+02:00,19.4
2026-07-19T03:26:00+02:00,19.3
2026-07-19T03:31:00+02:00,19.3
2026-07-19T03:36:00+02:00,19.3
2026-07-19T03:41:00+02:00,19.3
2026-07-19T03:46:00+02:00,19.3
2026-07-19T03:51:00+02:00,19.3
2026-07-19T03:56:00+02:00,19.4
2026-07-19T04:01:00+02:00,19.4
2026-07-19T04:06:00+02:00,19.3
2026-07-19T04:11:00+02:00,19.1
2026-07-19T04:16:00+02:00,19.1
2026-07-19T04:21:00+02:00,19.1
2026-07-19T04:26:00+02:00,19.1
2026-07-19T04:31:00+02:00,18.9
2026-07-19T04:36:00+02:00,19.0
2026-07-19T04:41:00+02:00,18.9
2026-07-19T04:46:00+02:00,18.9
2026-07-19T04:51:00+02:00,18.9
2026-07-19T04:56:00+02:00,18.9
2026-07-19T05:01:00+02:00,18.9
2026-07-19T05:06:00+02:00,18.9
2026-07-19T05:11:00+02:00,18.9
2026-07-19T05:16:00+02:00,18.9
2026-07-19T05:21:00+02:00,18.9
2026-07-19T05:26:00+02:00,18.9
2026-07-19T05:31:00+02:00,18.8
2026-07-19T05:36:00+02:00,18.8
2026-07-19T05:41:00+02:00,18.8
2026-07-19T05:46:00+02:00,18.8
2026-07-19T05:51:00+02:00,18.7
2026-07-19T05:56:00+02:00,18.7
2026-07-19T06:01:00+02:00,18.7
2026-07-19T06:06:00+02:00,18.7
2026-07-19T06:11:00+02:00,18.8
2026-07-19T06:16:00+02:00,18.8
2026-07-19T06:21:00+02:00,18.8
2026-07-19T06:26:00+02:00,18.7
2026-07-19T06:31:00+02:00,18.7
2026-07-19T06:36:00+02:00,18.7
2026-07-19T06:41:00+02:00,18.8
2026-07-19T06:46:00+02:00,18.8
2026-07-19T06:51:00+02:00,18.7
2026-07-19T06:56:00+02:00,18.7
2026-07-19T07:01:00+02:00,18.7
2026-07-19T07:06:00+02:00,18.7
2026-07-19T07:11:00+02:00,18.7
2026-07-19T07:16:00+02:00,18.7
2026-07-19T07:21:00+02:00,18.7
2026-07-19T07:26:00+02:00,18.6
2026-07-19T07:31:00+02:00,18.6
2026-07-19T07:36:00+02:00,18.7
2026-07-19T07:41:00+02:00,18.6
2026-07-19T07:46:00+02:00,18.6
2026-07-19T07:51:00+02:00,18.8
2026-07-19T07:56:00+02:00,18.7
2026-07-19T08:01:00+02:00,18.8
2026-07-19T08:06:00+02:00,18.7
2026-07-19T08:11:00+02:00,18.7
2026-07-19T08:16:00+02:00,18.8
2026-07-19T08:21:00+02:00,18.6
2026-07-19T08:26:00+02:00,18.6
2026-07-19T08:31:00+02:00,18.6
2026-07-19T08:36:00+02:00,18.6
2026-07-19T08:41:00+02:00,18.4
2026-07-19T08:46:00+02:00,18.5
2026-07-19T08:51:00+02:00,18.5
2026-07-19T08:56:00+02:00,18.4
2026-07-19T09:01:00+02:00,18.3
2026-07-19T09:06:00+02:00,18.3
2026-07-19T09:11:00+02:00,18.3
2026-07-19T09:16:00+02:00,18.3
2026-07-19T09:21:00+02:00,18.3
2026-07-19T09:26:00+02:00,17.9
2026-07-19T09:31:00+02:00,17.9
2026-07-19T09:36:00+02:00,17.9
2026-07-19T09:41:00+02:00,17.4
2026-07-19T09:46:00+02:00,17.5
2026-07-19T09:51:00+02:00,17.8
2026-07-19T09:56:00+02:00,17.6
2026-07-19T10:01:00+02:00,17.8
2026-07-19T10:06:00+02:00,17.9
2026-07-19T10:11:00+02:00,17.7
2026-07-19T10:16:00+02:00,17.9
2026-07-19T10:21:00+02:00,17.8
2026-07-19T10:26:00+02:00,17.8
2026-07-19T10:31:00+02:00,17.8
2026-07-19T10:36:00+02:00,17.8
2026-07-19T10:41:00+02:00,18.0
2026-07-19T10:46:00+02:00,18.1
2026-07-19T10:51:00+02:00,18.1
2026-07-19T10:56:00+02:00,18.1
2026-07-19T11:01:00+02:00,18.1
2026-07-19T11:06:00+02:00,17.9
2026-07-19T11:11:00+02:00,18.2
2026-07-19T11:16:00+02:00,18.3
2026-07-19T11:21:00+02:00,18.2
2026-07-19T11:26:00+02:00,18.3
2026-07-19T11:31:00+02:00,18.3
2026-07-19T11:36:00+02:00,18.4
2026-07-19T11:41:00+02:00,18.4
2026-07-19T11:46:00+02:00,18.5
2026-07-19T11:51:00+02:00,18.4
2026-07-19T11:56:00+02:00,18.5
2026-07-19T12:01:00+02:00,18.6
2026-07-19T12:06:00+02:00,18.7
2026-07-19T12:11:00+02:00,18.6
2026-07-19T12:16:00+02:00,18.4
2026-07-19T12:21:00+02:00,18.6
2026-07-19T12:26:00+02:00,18.8
2026-07-19T12:31:00+02:00,18.8
2026-07-19T12:36:00+02:00,18.8
2026-07-19T12:41:00+02:00,18.8
2026-07-19T12:46:00+02:00,18.9
2026-07-19T12:51:00+02:00,18.8
2026-07-19T12:56:00+02:00,18.9
2026-07-19T13:01:00+02:00,18.9
2026-07-19T13:06:00+02:00,19.0
2026-07-19T13:11:00+02:00,19.0
2026-07-19T13:16:00+02:00,19.1
2026-07-19T13:21:00+02:00,19.3
2026-07-19T13:26:00+02:00,19.3
2026-07-19T13:31:00+02:00,19.3
2026-07-19T13:36:00+02:00,19.3
2026-07-19T13:41:00+02:00,19.3
2026-07-19T13:46:00+02:00,19.3
2026-07-19T13:51:00+02:00,19.5
2026-07-19T13:56:00+02:00,19.5
2026-07-19T14:01:00+02:00,19.4
2026-07-19T14:06:00+02:00,19.4
2026-07-19T14:11:00+02:00,19.4
2026-07-19T14:16:00+02:00,19.6
2026-07-19T14:21:00+02:00,19.6
2026-07-19T14:26:00+02:00,19.6
2026-07-19T14:31:00+02:00,19.6
2026-07-19T14:36:00+02:00,19.7
2026-07-19T14:41:00+02:00,19.7
2026-07-19T14:46:00+02:00,19.9
2026-07-19T14:51:00+02:00,19.9
2026-07-19T14:56:00+02:00,20.1
2026-07-19T15:01:00+02:00,20.1
2026-07-19T15:06:00+02:00,20.0
2026-07-19T15:11:00+02:00,20.1
2026-07-19T15:16:00+02:00,20.1
2026-07-19T15:21:00+02:00,20.1
2026-07-19T15:26:00+02:00,20.1
2026-07-19T15:31:00+02:00,20.2
2026-07-19T15:36:00+02:00,20.2
2026-07-19T15:41:00+02:00,20.2
2026-07-19T15:46:00+02:00,20.2
2026-07-19T15:51:00+02:00,20.3
2026-07-19T15:56:00+02:00,20.3
2026-07-19T16:01:00+02:00,20.3
2026-07-19T16:06:00+02:00,20.4
2026-07-19T16:11:00+02:00,20.5
2026-07-19T16:16:00+02:00,20.4
2026-07-19T16:21:00+02:00,20.4
2026-07-19T16:26:00+02:00,20.4
2026-07-19T16:31:00+02:00,20.4
2026-07-19T16:36:00+02:00,20.6
2026-07-19T16:41:00+02:00,20.5
2026-07-19T16:46:00+02:00,20.6
2026-07-19T16:51:00+02:00,20.5
2026-07-19T16:56:00+02:00,20.6
2026-07-19T17:01:00+02:00,20.8
2026-07-19T17:06:00+02:00,20.8
2026-07-19T17:11:00+02:00,20.8
2026-07-19T17:16:00+02:00,20.7
2026-07-19T17:21:00+02:00,20.8
2026-07-19T17:26:00+02:00,20.8
2026-07-19T17:31:00+02:00,20.8
2026-07-19T17:36:00+02:00,20.8
2026-07-19T17:41:00+02:00,20.8
2026-07-19T17:46:00+02:00,20.8
2026-07-19T17:51:00+02:00,20.9
2026-07-19T17:56:00+02:00,21.1
2026-07-19T18:01:00+02:00,21.1
2026-07-19T18:06:00+02:00,21.1
2026-07-19T18:11:00+02:00,21.1
2026-07-19T18:16:00+02:00,21.1
2026-07-19T18:21:00+02:00,21.2
2026-07-19T18:26:00+02:00,21.4
2026-07-19T18:31:00+02:00,21.4
2026-07-19T18:36:00+02:00,21.3
2026-07-19T18:41:00+02:00,21.3
2026-07-19T18:46:00+02:00,21.3
2026-07-19T18:51:00+02:00,21.2
2026-07-19T18:56:00+02:00,21.2
2026-07-19T19:01:00+02:00,21.1
2026-07-19T19:06:00+02:00,21.1
2026-07-19T19:11:00+02:00,21.2
2026-07-19T19:16:00+02:00,21.2
2026-07-19T19:21:00+02:00,21.2
2026-07-19T19:26:00+02:00,21.1
2026-07-19T19:31:00+02:00,21.1
2026-07-19T19:36:00+02:00,20.9
2026-07-19T19:41:00+02:00,20.9
2026-07-19T19:46:00+02:00,20.9
2026-07-19T19:51:00+02:00,21.1
2026-07-19T19:56:00+02:00,21.1
2026-07-19T20:01:00+02:00,21.2
2026-07-19T20:06:00+02:00,21.2
2026-07-19T20:11:00+02:00,21.4
2026-07-19T20:16:00+02:00,21.4
2026-07-19T20:21:00+02:00,21.4
2026-07-19T20:26:00+02:00,21.5
2026-07-19T20:31:00+02:00,21.4
2026-07-19T20:36:00+02:00,21.3
2026-07-19T20:41:00+02:00,21.3
2026-07-19T20:46:00+02:00,21.1
2026-07-19T20:51:00+02:00,21.1
2026-07-19T20:56:00+02:00,21.0
2026-07-19T21:01:00+02:00,21.0
2026-07-19T21:06:00+02:00,21.0
2026-07-19T21:11:00+02:00,20.9
2026-07-19T21:16:00+02:00,20.8
2026-07-19T21:21:00+02:00,20.8
2026-07-19T21:26:00+02:00,20.8
2026-07-19T21:31:00+02:00,20.8
2026-07-19T21:36:00+02:00,20.7
2026-07-19T21:41:00+02:00,20.7
2026-07-19T21:46:00+02:00,20.6
2026-07-19T21:51:00+02:00,20.6
2026-07-19T21:56:00+02:00,21.0
2026-07-19T22:01:00+02:00,21.0
2026-07-19T22:06:00+02:00,21.2
2026-07-19T22:11:00+02:00,21.2
2026-07-19T22:16:00+02:00,21.1
2026-07-19T22:21:00+02:00,21.1
2026-07-19T22:26:00+02:00,21.1
2026-07-19T22:31:00+02:00,21.1
2026-07-19T22:36:00+02:00,21.1
2026-07-19T22:41:00+02:00,21.0
2026-07-19T22:46:00+02:00,21.0
2026-07-19T22:51:00+02:00,20.9
2026-07-19T22:56:00+02:00,20.9
2026-07-19T23:01:00+02:00,20.9
2026-07-19T23:06:00+02:00,20.8
2026-07-19T23:11:00+02:00,20.8
2026-07-19T23:16:00+02:00,20.7
2026-07-19T23:21:00+02:00,20.7
2026-07-19T23:26:00+02:00,20.7
2026-07-19T23:31:00+02:00,20.6
2026-07-19T23:36:00+02:00,20.6
2026-07-19T23:41:00+02:00,20.6
2026-07-19T23:46:00+02:00,20.5
2026-07-19T23:51:00+02:00,20.5
2026-07-19T23:56:00+02:00,20.3
2026-07-20T00:01:00+02:00,20.3
2026-07-20T00:06:00+02:00,20.3
2026-07-20T00:11:00+02:00,20.2
2026-07-20T00:16:00+02:00,20.2
2026-07-20T00:21:00+02:00,20.2
2026-07-20T00:26:00+02:00,20.1
2026-07-20T00:31:00+02:00,20.0
2026-07-20T00:36:00+02:00,20.0
2026-07-20T00:41:00+02:00,20.0
2026-07-20T00:46:00+02:00,19.9
2026-07-20T00:51:00+02:00,19.9
2026-07-20T00:56:00+02:00,19.8
2026-07-20T01:01:00+02:00,19.8
2026-07-20T01:06:00+02:00,19.7
2026-07-20T01:11:00+02:00,19.6
2026-07-20T01:16:00+02:00,19.6
2026-07-20T01:21:00+02:00,19.6
2026-07-20T01:26:00+02:00,19.6
2026-07-20T01:31:00+02:00,19.3
2026-07-20T01:36:00+02:00,19.3
2026-07-20T01:41:00+02:00,19.1
2026-07-20T01:46:00+02:00,19.2
2026-07-20T01:51:00+02:00,19.2
2026-07-20T01:56:00+02:00,19.1
2026-07-20T02:01:00+02:00,18.9
2026-07-20T02:06:00+02:00,18.9
2026-07-20T02:11:00+02:00,18.3
2026-07-20T02:16:00+02:00,18.2
2026-07-20T02:21:00+02:00,18.2
2026-07-20T02:26:00+02:00,17.8
2026-07-20T02:31:00+02:00,17.4
2026-07-20T02:36:00+02:00,16.8
2026-07-20T02:41:00+02:00,16.8
2026-07-20T02:46:00+02:00,16.4
2026-07-20T02:51:00+02:00,15.6
2026-07-20T02:56:00+02:00,16.3
2026-07-20T03:01:00+02:00,16.7
2026-07-20T03:06:00+02:00,16.8
2026-07-20T03:11:00+02:00,17.6
2026-07-20T03:16:00+02:00,17.6
2026-07-20T03:21:00+02:00,17.7
2026-07-20T03:26:00+02:00,17.8
2026-07-20T03:31:00+02:00,17.6
2026-07-20T03:36:00+02:00,17.6
2026-07-20T03:41:00+02:00,17.6
2026-07-20T03:46:00+02:00,17.6
2026-07-20T03:51:00+02:00,17.7
2026-07-20T03:56:00+02:00,17.8
2026-07-20T04:01:00+02:00,17.7
2026-07-20T04:06:00+02:00,17.5
2026-07-20T04:11:00+02:00,17.5
2026-07-20T04:16:00+02:00,17.5
2026-07-20T04:21:00+02:00,17.4
2026-07-20T04:26:00+02:00,17.4
2026-07-20T04:31:00+02:00,17.4
2026-07-20T04:36:00+02:00,17.4
2026-07-20T04:41:00+02:00,17.3
2026-07-20T04:46:00+02:00,17.3
2026-07-20T04:51:00+02:00,17.2
2026-07-20T04:56:00+02:00,17.2
2026-07-20T05:01:00+02:00,17.2
2026-07-20T05:06:00+02:00,17.1
2026-07-20T05:11:00+02:00,17.1
2026-07-20T05:16:00+02:00,17.2
2026-07-20T05:21:00+02:00,17.2
2026-07-20T05:26:00+02:00,17.2
2026-07-20T05:31:00+02:00,17.1
2026-07-20T05:36:00+02:00,17.1
2026-07-20T05:41:00+02:00,17
2026-07-20T05:46:00+02:00,17.1
2026-07-20T05:51:00+02:00,17.1
2026-07-20T05:56:00+02:00,17
2026-07-20T06:01:00+02:00,17.1
2026-07-20T06:06:00+02:00,17
2026-07-20T06:11:00+02:00,17
2026-07-20T06:16:00+02:00,17.1
2026-07-20T06:21:00+02:00,17
2026-07-20T06:26:00+02:00,17
2026-07-20T06:31:00+02:00,17
2026-07-20T06:36:00+02:00,17
2026-07-20T06:41:00+02:00,17
2026-07-20T06:46:00+02:00,17.1
2026-07-20T06:51:00+02:00,17.1
2026-07-20T06:56:00+02:00,17.1
2026-07-20T07:01:00+02:00,17.2
2026-07-20T07:06:00+02:00,17.1
2026-07-20T07:11:00+02:00,17.3
2026-07-20T07:16:00+02:00,17.3
2026-07-20T07:21:00+02:00,17.6
2026-07-20T07:26:00+02:00,17.6
2026-07-20T07:31:00+02:00,17.7
2026-07-20T07:36:00+02:00,17.4
2026-07-20T07:41:00+02:00,17.4
2026-07-20T07:46:00+02:00,17.6
2026-07-20T07:51:00+02:00,17.8
2026-07-20T07:56:00+02:00,17.8
2026-07-20T08:01:00+02:00,17.6
2026-07-20T08:06:00+02:00,17.6
2026-07-20T08:11:00+02:00,17.6
2026-07-20T08:16:00+02:00,17.6
2026-07-20T08:21:00+02:00,17.7
2026-07-20T08:26:00+02:00,17.6
2026-07-20T08:31:00+02:00,17.6
2026-07-20T08:36:00+02:00,17.5
2026-07-20T08:41:00+02:00,17.7
2026-07-20T08:46:00+02:00,17.7
2026-07-20T08:51:00+02:00,17.6
2026-07-20T08:56:00+02:00,17.7
2026-07-20T09:01:00+02:00,17.6
2026-07-20T09:06:00+02:00,17.8
2026-07-20T09:11:00+02:00,17.8
2026-07-20T09:16:00+02:00,17.8
2026-07-20T09:21:00+02:00,17.8
2026-07-20T09:26:00+02:00,17.8
2026-07-20T09:31:00+02:00,17.8
2026-07-20T09:36:00+02:00,17.9
2026-07-20T09:41:00+02:00,17.9
2026-07-20T09:46:00+02:00,17.9
2026-07-20T09:51:00+02:00,17.8
2026-07-20T09:56:00+02:00,17.9
2026-07-20T10:01:00+02:00,17.9
2026-07-20T10:06:00+02:00,18.1
2026-07-20T10:11:00+02:00,18.1
2026-07-20T10:16:00+02:00,18
2026-07-20T10:21:00+02:00,18
2026-07-20T10:26:00+02:00,18.3
2026-07-20T10:31:00+02:00,18.2
2026-07-20T10:36:00+02:00,18.1
2026-07-20T10:41:00+02:00,18.1
2026-07-20T10:46:00+02:00,18.1
2026-07-20T10:51:00+02:00,18.1
2026-07-20T10:56:00+02:00,18.1
2026-07-20T11:01:00+02:00,18.3
2026-07-20T11:06:00+02:00,18.4
2026-07-20T11:11:00+02:00,18.4
2026-07-20T11:16:00+02:00,18.4
2026-07-20T11:21:00+02:00,18.4
2026-07-20T11:26:00+02:00,18.4
2026-07-20T11:31:00+02:00,18.4
2026-07-20T11:36:00+02:00,18.6
2026-07-20T11:41:00+02:00,18.6
2026-07-20T11:46:00+02:00,18.6
2026-07-20T11:51:00+02:00,18.7
2026-07-20T11:56:00+02:00,18.8
2026-07-20T12:01:00+02:00,18.8
2026-07-20T12:06:00+02:00,18.8
2026-07-20T12:11:00+02:00,18.8
2026-07-20T12:16:00+02:00,18.8
2026-07-20T12:21:00+02:00,18.9
2026-07-20T12:26:00+02:00,18.9
2026-07-20T12:31:00+02:00,18.9
2026-07-20T12:36:00+02:00,18.9
2026-07-20T12:41:00+02:00,18.9
2026-07-20T12:46:00+02:00,18.9
2026-07-20T12:51:00+02:00,19.1
2026-07-20T12:56:00+02:00,19.1
2026-07-20T13:01:00+02:00,19.1
2026-07-20T13:06:00+02:00,19.2
2026-07-20T13:11:00+02:00,19.3
2026-07-20T13:16:00+02:00,19.3
2026-07-20T13:21:00+02:00,19.3
2026-07-20T13:26:00+02:00,19.3
2026-07-20T13:31:00+02:00,19.3
2026-07-20T13:36:00+02:00,19.4
2026-07-20T13:41:00+02:00,19.4
2026-07-20T13:46:00+02:00,19.4
2026-07-20T13:51:00+02:00,19.5
2026-07-20T13:56:00+02:00,19.5
2026-07-20T14:01:00+02:00,19.7
2026-07-20T14:06:00+02:00,19.8
2026-07-20T14:11:00+02:00,19.7
2026-07-20T14:16:00+02:00,19.7
2026-07-20T14:21:00+02:00,19.9
2026-07-20T14:26:00+02:00,19.9
2026-07-20T14:31:00+02:00,20
2026-07-20T14:36:00+02:00,19.9
2026-07-20T14:41:00+02:00,19.9
2026-07-20T14:46:00+02:00,19.9
2026-07-20T14:51:00+02:00,19.9
2026-07-20T14:56:00+02:00,19.9
2026-07-20T15:01:00+02:00,20.2
2026-07-20T15:06:00+02:00,20.2
2026-07-20T15:11:00+02:00,20.4
2026-07-20T15:16:00+02:00,20.4
2026-07-20T15:21:00+02:00,20.3
2026-07-20T15:26:00+02:00,20.3
2026-07-20T15:31:00+02:00,20.2
2026-07-20T15:36:00+02:00,20.4
2026-07-20T15:41:00+02:00,20.5
2026-07-20T15:46:00+02:00,20.4
2026-07-20T15:51:00+02:00,20.4
2026-07-20T15:56:00+02:00,20.4
2026-07-20T16:01:00+02:00,20.4
2026-07-20T16:06:00+02:00,20.6
2026-07-20T16:11:00+02:00,20.6
2026-07-20T16:16:00+02:00,20.6
2026-07-20T16:21:00+02:00,21.3
2026-07-20T16:26:00+02:00,21.3
2026-07-20T16:31:00+02:00,21.4
2026-07-20T16:36:00+02:00,21.4
2026-07-20T16:41:00+02:00,21.5
2026-07-20T16:46:00+02:00,21.5
2026-07-20T16:51:00+02:00,21.6
2026-07-20T16:56:00+02:00,21.7
2026-07-20T17:01:00+02:00,21.7
2026-07-20T17:06:00+02:00,21.8
2026-07-20T17:11:00+02:00,21.8
2026-07-20T17:16:00+02:00,21.9
2026-07-20T17:21:00+02:00,21.9
2026-07-20T17:26:00+02:00,22.1
2026-07-20T17:31:00+02:00,22.1
2026-07-20T17:36:00+02:00,22.1
2026-07-20T17:41:00+02:00,22.2
2026-07-20T17:46:00+02:00,22.3
2026-07-20T17:51:00+02:00,22.3
2026-07-20T17:56:00+02:00,22.3
2026-07-20T18:01:00+02:00,22.4
2026-07-20T18:06:00+02:00,22.3
2026-07-20T18:11:00+02:00,22.4
2026-07-20T18:16:00+02:00,22.4
2026-07-20T18:21:00+02:00,22.4
2026-07-20T18:26:00+02:00,22.4
2026-07-20T18:31:00+02:00,22.4
2026-07-20T18:36:00+02:00,22.4
2026-07-20T18:41:00+02:00,22.4
2026-07-20T18:46:00+02:00,22.3
2026-07-20T18:51:00+02:00,22.3
2026-07-20T18:56:00+02:00,22.2
2026-07-20T19:01:00+02:00,22.2
2026-07-20T19:06:00+02:00,22.1
2026-07-20T19:11:00+02:00,22.1
2026-07-20T19:16:00+02:00,22.1
2026-07-20T19:21:00+02:00,21.9
2026-07-20T19:26:00+02:00,21.8
2026-07-20T19:31:00+02:00,21.8
2026-07-20T19:36:00+02:00,21.8
2026-07-20T19:41:00+02:00,21.7
2026-07-20T19:46:00+02:00,21.7
2026-07-20T19:51:00+02:00,21.8
2026-07-20T19:56:00+02:00,21.7
2026-07-20T20:01:00+02:00,21.6
2026-07-20T20:06:00+02:00,21.6
2026-07-20T20:11:00+02:00,21.6
2026-07-20T20:16:00+02:00,21.6
2026-07-20T20:21:00+02:00,21.5
2026-07-20T20:26:00+02:00,21.5
2026-07-20T20:31:00+02:00,21.4
2026-07-20T20:36:00+02:00,21.4
2026-07-20T20:41:00+02:00,21.4
2026-07-20T20:46:00+02:00,21.3
2026-07-20T20:51:00+02:00,21.3
2026-07-20T20:56:00+02:00,21.3
2026-07-20T21:01:00+02:00,21.3
2026-07-20T21:06:00+02:00,21.3
2026-07-20T21:11:00+02:00,21.3
2026-07-20T21:16:00+02:00,21.2
2026-07-20T21:21:00+02:00,21.2
2026-07-20T21:26:00+02:00,21.3
2026-07-20T21:31:00+02:00,21.1
2026-07-20T21:36:00+02:00,21.1
2026-07-20T21:41:00+02:00,21.1
2026-07-20T21:46:00+02:00,21.1
2026-07-20T21:51:00+02:00,21.1
2026-07-20T21:56:00+02:00,20.9
2026-07-20T22:01:00+02:00,20.9
2026-07-20T22:06:00+02:00,20.9
2026-07-20T22:11:00+02:00,20.9
2026-07-20T22:16:00+02:00,20.8
2026-07-20T22:21:00+02:00,20.8
2026-07-20T22:26:00+02:00,20.8
2026-07-20T22:31:00+02:00,20.6
2026-07-20T22:36:00+02:00,20.7
2026-07-20T22:41:00+02:00,20.7
2026-07-20T22:46:00+02:00,20.5
2026-07-20T22:51:00+02:00,20.5
2026-07-20T22:56:00+02:00,20.4
2026-07-20T23:01:00+02:00,20.4
2026-07-20T23:06:00+02:00,20.4
2026-07-20T23:11:00+02:00,20.4
2026-07-20T23:16:00+02:00,20.2
2026-07-20T23:21:00+02:00,20.2
2026-07-20T23:26:00+02:00,20.2
2026-07-20T23:31:00+02:00,20.1
2026-07-20T23:36:00+02:00,20
2026-07-20T23:41:00+02:00,20
2026-07-20T23:46:00+02:00,19.9
2026-07-20T23:51:00+02:00,19.9
2026-07-20T23:56:00+02:00,19.9
2026-07-21T00:01:00+02:00,19.9
2026-07-21T00:06:00+02:00,19.8
2026-07-21T00:11:00+02:00,19.9
2026-07-21T00:16:00+02:00,19.8
2026-07-21T00:21:00+02:00,19.8
2026-07-21T00:26:00+02:00,19.8
2026-07-21T00:31:00+02:00,19.6
2026-07-21T00:36:00+02:00,19.7
2026-07-21T00:41:00+02:00,19.7
2026-07-21T00:46:00+02:00,19.6
2026-07-21T00:51:00+02:00,19.6
2026-07-21T00:56:00+02:00,19.6
2026-07-21T01:01:00+02:00,19.6
2026-07-21T01:06:00+02:00,19.4
2026-07-21T01:11:00+02:00,19.4
2026-07-21T01:16:00+02:00,19.4
2026-07-21T01:21:00+02:00,19.4
2026-07-21T01:26:00+02:00,19.4
2026-07-21T01:31:00+02:00,19.4
2026-07-21T01:36:00+02:00,19.4
2026-07-21T01:41:00+02:00,19.4
2026-07-21T01:46:00+02:00,19.4
2026-07-21T01:51:00+02:00,19.3
2026-07-21T01:56:00+02:00,19.3
2026-07-21T02:01:00+02:00,19.3
2026-07-21T02:06:00+02:00,19.3
2026-07-21T02:11:00+02:00,19.3
2026-07-21T02:16:00+02:00,19.3
2026-07-21T02:21:00+02:00,19.3
2026-07-21T02:26:00+02:00,19.2
2026-07-21T02:31:00+02:00,19.3
2026-07-21T02:36:00+02:00,19.3
2026-07-21T02:41:00+02:00,19.2
2026-07-21T02:46:00+02:00,19.2
2026-07-21T02:51:00+02:00,19.1
2026-07-21T02:56:00+02:00,19.2
2026-07-21T03:01:00+02:00,19.1
2026-07-21T03:06:00+02:00,19.2
2026-07-21T03:11:00+02:00,19.2
2026-07-21T03:16:00+02:00,19.2
2026-07-21T03:21:00+02:00,19.1
2026-07-21T03:26:00+02:00,19.1
2026-07-21T03:31:00+02:00,19.1
2026-07-21T03:36:00+02:00,19.1
2026-07-21T03:41:00+02:00,19.1
2026-07-21T03:46:00+02:00,19.1
2026-07-21T03:51:00+02:00,19.1
2026-07-21T03:56:00+02:00,19.1
2026-07-21T04:01:00+02:00,19.1
2026-07-21T04:06:00+02:00,19
2026-07-21T04:11:00+02:00,19
2026-07-21T04:16:00+02:00,19.1
2026-07-21T04:21:00+02:00,19
2026-07-21T04:26:00+02:00,19
2026-07-21T04:31:00+02:00,19
2026-07-21T04:36:00+02:00,19
2026-07-21T04:41:00+02:00,19
2026-07-21T04:46:00+02:00,19.1
2026-07-21T04:51:00+02:00,18.9
2026-07-21T04:56:00+02:00,18.9
2026-07-21T05:01:00+02:00,18.9
2026-07-21T05:06:00+02:00,18.9
2026-07-21T05:11:00+02:00,18.9
2026-07-21T05:16:00+02:00,18.9
2026-07-21T05:21:00+02:00,18.9
2026-07-21T05:26:00+02:00,18.9
2026-07-21T05:31:00+02:00,18.9
2026-07-21T05:36:00+02:00,18.9
2026-07-21T05:41:00+02:00,18.9
2026-07-21T05:46:00+02:00,18.9
2026-07-21T05:51:00+02:00,18.9
2026-07-21T05:56:00+02:00,18.9
2026-07-21T06:01:00+02:00,18.9
2026-07-21T06:06:00+02:00,18.9
2026-07-21T06:11:00+02:00,18.8
2026-07-21T06:16:00+02:00,18.8
2026-07-21T06:21:00+02:00,18.8
2026-07-21T06:26:00+02:00,18.8
2026-07-21T06:31:00+02:00,18.8
2026-07-21T06:36:00+02:00,18.8
2026-07-21T06:41:00+02:00,18.7
2026-07-21T06:46:00+02:00,18.7
2026-07-21T06:51:00+02:00,18.7
2026-07-21T06:56:00+02:00,18.6
2026-07-21T07:01:00+02:00,18.6
2026-07-21T07:06:00+02:00,18.1
2026-07-21T07:11:00+02:00,15.1
2026-07-21T07:16:00+02:00,15.1
2026-07-21T07:21:00+02:00,14.4
2026-07-21T07:26:00+02:00,14
2026-07-21T07:31:00+02:00,14
2026-07-21T07:36:00+02:00,13.9
2026-07-21T07:41:00+02:00,14
2026-07-21T07:46:00+02:00,13.9
2026-07-21T07:51:00+02:00,13.6
2026-07-21T07:56:00+02:00,13.9
2026-07-21T08:01:00+02:00,14.1
2026-07-21T08:06:00+02:00,14.7
2026-07-21T08:11:00+02:00,15
2026-07-21T08:16:00+02:00,15.4
2026-07-21T08:21:00+02:00,15.5
2026-07-21T08:26:00+02:00,15.8
2026-07-21T08:31:00+02:00,15.6
2026-07-21T08:36:00+02:00,15.8
2026-07-21T08:41:00+02:00,15.9
2026-07-21T08:46:00+02:00,15.9
2026-07-21T08:51:00+02:00,16.1
2026-07-21T08:56:00+02:00,16.4
2026-07-21T09:01:00+02:00,16.6
2026-07-21T09:06:00+02:00,16.6
2026-07-21T09:11:00+02:00,16.7
2026-07-21T09:16:00+02:00,16.6
2026-07-21T09:21:00+02:00,16.6
2026-07-21T09:26:00+02:00,16.9
2026-07-21T09:31:00+02:00,16.8
2026-07-21T09:36:00+02:00,16.8
2026-07-21T09:41:00+02:00,17.1
2026-07-21T09:46:00+02:00,17.1
2026-07-21T09:51:00+02:00,17.1
2026-07-21T09:56:00+02:00,17.2
2026-07-21T10:01:00+02:00,17.1
2026-07-21T10:06:00+02:00,17.1
2026-07-21T10:11:00+02:00,17.3
2026-07-21T10:16:00+02:00,17.3
2026-07-21T10:21:00+02:00,17.3
2026-07-21T10:26:00+02:00,17.4
2026-07-21T10:31:00+02:00,17.5
2026-07-21T10:36:00+02:00,17.6
2026-07-21T10:41:00+02:00,17.4
2026-07-21T10:46:00+02:00,17.5
2026-07-21T10:51:00+02:00,17.5
2026-07-21T10:56:00+02:00,17.6
2026-07-21T11:01:00+02:00,17.8
2026-07-21T11:06:00+02:00,17.8
2026-07-21T11:11:00+02:00,17.8
2026-07-21T11:16:00+02:00,17.7
2026-07-21T11:21:00+02:00,17.7
2026-07-21T11:26:00+02:00,17.8
2026-07-21T11:31:00+02:00,17.8
2026-07-21T11:36:00+02:00,17.9
2026-07-21T11:41:00+02:00,18
2026-07-21T11:46:00+02:00,18.1
2026-07-21T11:51:00+02:00,18.1
2026-07-21T11:56:00+02:00,18.1
2026-07-21T12:01:00+02:00,18.1
2026-07-21T12:06:00+02:00,18.2
2026-07-21T12:11:00+02:00,18.3
2026-07-21T12:16:00+02:00,18.3
2026-07-21T12:21:00+02:00,18.3
2026-07-21T12:26:00+02:00,18.3
2026-07-21T12:31:00+02:00,18.4
2026-07-21T12:36:00+02:00,18.4
2026-07-21T12:41:00+02:00,18.6
2026-07-21T12:46:00+02:00,18.7
2026-07-21T12:51:00+02:00,18.7
2026-07-21T12:56:00+02:00,18.7
2026-07-21T13:01:00+02:00,18.6
2026-07-21T13:06:00+02:00,18.6
2026-07-21T13:11:00+02:00,18.6
2026-07-21T13:16:00+02:00,18.7
2026-07-21T13:21:00+02:00,18.7
2026-07-21T13:26:00+02:00,18.7
2026-07-21T13:31:00+02:00,18.8
2026-07-21T13:36:00+02:00,18.8
2026-07-21T13:41:00+02:00,18.8
2026-07-21T13:46:00+02:00,18.8
2026-07-21T13:51:00+02:00,18.9
2026-07-21T13:56:00+02:00,18.9
2026-07-21T14:01:00+02:00,18.9
2026-07-21T14:06:00+02:00,18.9
2026-07-21T14:11:00+02:00,18.9
2026-07-21T14:16:00+02:00,18.9
2026-07-21T14:21:00+02:00,19.1
2026-07-21T14:26:00+02:00,18.9
2026-07-21T14:31:00+02:00,18.9
2026-07-21T14:36:00+02:00,19.1
2026-07-21T14:41:00+02:00,19.2
2026-07-21T14:46:00+02:00,19.3
2026-07-21T14:51:00+02:00,19.3
2026-07-21T14:56:00+02:00,18.8
2026-07-21T15:01:00+02:00,18.6
2026-07-21T15:06:00+02:00,16.4
2026-07-21T15:11:00+02:00,16.4
2026-07-21T15:16:00+02:00,16.4
2026-07-21T15:21:00+02:00,15.8
2026-07-21T15:26:00+02:00,16.6
2026-07-21T15:31:00+02:00,18.3
2026-07-21T15:36:00+02:00,19.2
2026-07-21T15:41:00+02:00,19.7
2026-07-21T15:46:00+02:00,19.6
2026-07-21T15:51:00+02:00,19.7
2026-07-21T15:56:00+02:00,19.7
2026-07-21T16:01:00+02:00,19.8
2026-07-21T16:06:00+02:00,19.8
2026-07-21T16:11:00+02:00,19.8
2026-07-21T16:16:00+02:00,19.8
2026-07-21T16:21:00+02:00,19.9
2026-07-21T16:26:00+02:00,19.9
2026-07-21T16:31:00+02:00,20
2026-07-21T16:36:00+02:00,19.9
2026-07-21T16:41:00+02:00,19.9
2026-07-21T16:46:00+02:00,20.1
2026-07-21T16:51:00+02:00,20.1
2026-07-21T16:56:00+02:00,20.1
2026-07-21T17:01:00+02:00,20.2
2026-07-21T17:06:00+02:00,20.3
2026-07-21T17:11:00+02:00,20.3
2026-07-21T17:16:00+02:00,20.2
2026-07-21T17:21:00+02:00,20.3
2026-07-21T17:26:00+02:00,20.3
2026-07-21T17:31:00+02:00,20.4
2026-07-21T17:36:00+02:00,20.4
2026-07-21T17:41:00+02:00,20.4
2026-07-21T17:46:00+02:00,20.4
2026-07-21T17:51:00+02:00,20.3
2026-07-21T17:56:00+02:00,20.3
2026-07-21T18:01:00+02:00,20.3
2026-07-21T18:06:00+02:00,20.3
2026-07-21T18:11:00+02:00,20.6
2026-07-21T18:16:00+02:00,20.6
2026-07-21T18:21:00+02:00,20.6
2026-07-21T18:26:00+02:00,20.5
2026-07-21T18:31:00+02:00,20.8
2026-07-21T18:36:00+02:00,20.7
2026-07-21T18:41:00+02:00,20.7
2026-07-21T18:46:00+02:00,20.5
2026-07-21T18:51:00+02:00,20.5
2026-07-21T18:56:00+02:00,20.5
2026-07-21T19:01:00+02:00,20.4
2026-07-21T19:06:00+02:00,20.5
2026-07-21T19:11:00+02:00,20.4
2026-07-21T19:16:00+02:00,20.4
2026-07-21T19:21:00+02:00,20.4
2026-07-21T19:26:00+02:00,20.4
2026-07-21T19:31:00+02:00,20.4
2026-07-21T19:36:00+02:00,20.4
2026-07-21T19:41:00+02:00,20.4
2026-07-21T19:46:00+02:00,20.3
2026-07-21T19:51:00+02:00,20.2
2026-07-21T19:56:00+02:00,20.1
2026-07-21T20:01:00+02:00,20.1
2026-07-21T20:06:00+02:00,20
2026-07-21T20:11:00+02:00,20.1
2026-07-21T20:16:00+02:00,20.1
2026-07-21T20:21:00+02:00,20.1
2026-07-21T20:26:00+02:00,20.1
2026-07-21T20:31:00+02:00,20.1
2026-07-21T20:36:00+02:00,20.1
2026-07-21T20:41:00+02:00,19.9
2026-07-21T20:46:00+02:00,19.9
2026-07-21T20:51:00+02:00,19.9
2026-07-21T20:56:00+02:00,19.9
2026-07-21T21:01:00+02:00,19.9
2026-07-21T21:06:00+02:00,19.8
2026-07-21T21:11:00+02:00,19.8
2026-07-21T21:16:00+02:00,19.6
2026-07-21T21:21:00+02:00,19.6
2026-07-21T21:26:00+02:00,19.6
2026-07-21T21:31:00+02:00,19.6
2026-07-21T21:36:00+02:00,19.4
2026-07-21T21:41:00+02:00,19.5
2026-07-21T21:46:00+02:00,19.5
2026-07-21T21:51:00+02:00,19.4
2026-07-21T21:56:00+02:00,19.4
2026-07-21T22:01:00+02:00,19.4
2026-07-21T22:06:00+02:00,19.4
2026-07-21T22:11:00+02:00,19.3
2026-07-21T22:16:00+02:00,19.3
2026-07-21T22:21:00+02:00,19.2
2026-07-21T22:26:00+02:00,19.1
2026-07-21T22:31:00+02:00,19
2026-07-21T22:36:00+02:00,19
2026-07-21T22:41:00+02:00,18.9
2026-07-21T22:46:00+02:00,18.9
2026-07-21T22:51:00+02:00,18.9
2026-07-21T22:56:00+02:00,18.9
2026-07-21T23:01:00+02:00,18.9
2026-07-21T23:06:00+02:00,18.9
2026-07-21T23:11:00+02:00,18.8
2026-07-21T23:16:00+02:00,18.8
2026-07-21T23:21:00+02:00,18.9
2026-07-21T23:26:00+02:00,18.7
2026-07-21T23:31:00+02:00,18.6
2026-07-21T23:36:00+02:00,18.6
2026-07-21T23:41:00+02:00,18.6
2026-07-21T23:46:00+02:00,18.5
2026-07-21T23:51:00+02:00,18.5
2026-07-21T23:56:00+02:00,18.4
2026-07-22T00:01:00+02:00,18.4
2026-07-22T00:06:00+02:00,18.4
2026-07-22T00:11:00+02:00,18.4
2026-07-22T00:16:00+02:00,18.4
2026-07-22T00:21:00+02:00,18.3
2026-07-22T00:26:00+02:00,18.2
2026-07-22T00:31:00+02:00,18.2
2026-07-22T00:36:00+02:00,18
2026-07-22T00:41:00+02:00,17.9
2026-07-22T00:46:00+02:00,17.9
2026-07-22T00:51:00+02:00,17.9
2026-07-22T00:56:00+02:00,17.8
2026-07-22T01:01:00+02:00,17.7
2026-07-22T01:06:00+02:00,17.6
2026-07-22T01:11:00+02:00,17.6
2026-07-22T01:16:00+02:00,17.5
2026-07-22T01:21:00+02:00,17.5
2026-07-22T01:26:00+02:00,17.5
2026-07-22T01:31:00+02:00,17.4
2026-07-22T01:36:00+02:00,17.5
2026-07-22T01:41:00+02:00,17.3
2026-07-22T01:46:00+02:00,17.3
2026-07-22T01:51:00+02:00,17.3
2026-07-22T01:56:00+02:00,17.3
2026-07-22T02:01:00+02:00,17.2
2026-07-22T02:06:00+02:00,17.2
2026-07-22T02:11:00+02:00,17.2
2026-07-22T02:16:00+02:00,17
2026-07-22T02:21:00+02:00,16.8
2026-07-22T02:26:00+02:00,16.8
2026-07-22T02:31:00+02:00,16.7
2026-07-22T02:36:00+02:00,16.5
2026-07-22T02:41:00+02:00,16.6
2026-07-22T02:46:00+02:00,16.6
2026-07-22T02:51:00+02:00,16.6
2026-07-22T02:56:00+02:00,16.4
2026-07-22T03:01:00+02:00,16.4
2026-07-22T03:06:00+02:00,16.3
2026-07-22T03:11:00+02:00,16.3
2026-07-22T03:16:00+02:00,16.2
2026-07-22T03:21:00+02:00,16.1
2026-07-22T03:26:00+02:00,16.1
2026-07-22T03:31:00+02:00,16.1
2026-07-22T03:36:00+02:00,16
2026-07-22T03:41:00+02:00,15.9
2026-07-22T03:46:00+02:00,15.9
2026-07-22T03:51:00+02:00,15.8
2026-07-22T03:56:00+02:00,15.8
2026-07-22T04:01:00+02:00,16
2026-07-22T04:06:00+02:00,15.8
2026-07-22T04:11:00+02:00,15.8
2026-07-22T04:16:00+02:00,15.9
2026-07-22T04:21:00+02:00,15.8
2026-07-22T04:26:00+02:00,15.6
2026-07-22T04:31:00+02:00,15.5
2026-07-22T04:36:00+02:00,15.5
2026-07-22T04:41:00+02:00,15.6
2026-07-22T04:46:00+02:00,15.5
2026-07-22T04:51:00+02:00,15.5
2026-07-22T04:56:00+02:00,15.4
2026-07-22T05:01:00+02:00,15.4
2026-07-22T05:06:00+02:00,15.4
2026-07-22T05:11:00+02:00,15.4
2026-07-22T05:16:00+02:00,15.4
2026-07-22T05:21:00+02:00,15.4
2026-07-22T05:26:00+02:00,15.4
2026-07-22T05:31:00+02:00,15.4
2026-07-22T05:36:00+02:00,15.3
2026-07-22T05:41:00+02:00,15.5
2026-07-22T05:46:00+02:00,15.5
2026-07-22T05:51:00+02:00,15.4
2026-07-22T05:56:00+02:00,15.3
2026-07-22T06:01:00+02:00,15.5
2026-07-22T06:06:00+02:00,15.5
2026-07-22T06:11:00+02:00,15.4
2026-07-22T06:16:00+02:00,15.4
2026-07-22T06:21:00+02:00,15.4
2026-07-22T06:26:00+02:00,15.4
2026-07-22T06:31:00+02:00,15.3
2026-07-22T06:36:00+02:00,15.4
2026-07-22T06:41:00+02:00,15.4
2026-07-22T06:46:00+02:00,15.6
2026-07-22T06:51:00+02:00,15.6
2026-07-22T06:56:00+02:00,15.5
2026-07-22T07:01:00+02:00,15.6
2026-07-22T07:06:00+02:00,15.5
2026-07-22T07:11:00+02:00,15.5
2026-07-22T07:16:00+02:00,15.6
2026-07-22T07:21:00+02:00,15.6
2026-07-22T07:26:00+02:00,15.6
2026-07-22T07:31:00+02:00,15.7
2026-07-22T07:36:00+02:00,15.8
2026-07-22T07:41:00+02:00,15.8
2026-07-22T07:46:00+02:00,16
2026-07-22T07:51:00+02:00,16
2026-07-22T07:56:00+02:00,16.1
2026-07-22T08:01:00+02:00,16.2
2026-07-22T08:06:00+02:00,16.3
2026-07-22T08:11:00+02:00,16.3
2026-07-22T08:16:00+02:00,16.3
2026-07-22T08:21:00+02:00,16.5
2026-07-22T08:26:00+02:00,16.5
2026-07-22T08:31:00+02:00,16.6
2026-07-22T08:36:00+02:00,16.6
2026-07-22T08:41:00+02:00,16.6
2026-07-22T08:46:00+02:00,16.8
2026-07-22T08:51:00+02:00,16.9
2026-07-22T08:56:00+02:00,16.9
2026-07-22T09:01:00+02:00,17
2026-07-22T09:06:00+02:00,17.1
2026-07-22T09:11:00+02:00,17.1
2026-07-22T09:16:00+02:00,17.1
2026-07-22T09:21:00+02:00,17.3
2026-07-22T09:26:00+02:00,17.3
2026-07-22T09:31:00+02:00,17.4
2026-07-22T09:36:00+02:00,17.4
2026-07-22T09:41:00+02:00,17.5
2026-07-22T09:46:00+02:00,17.4
2026-07-22T09:51:00+02:00,17.6
2026-07-22T09:56:00+02:00,17.6
2026-07-22T10:01:00+02:00,17.6
2026-07-22T10:06:00+02:00,17.8
2026-07-22T10:11:00+02:00,17.8
2026-07-22T10:16:00+02:00,17.8
2026-07-22T10:21:00+02:00,17.8
2026-07-22T10:26:00+02:00,17.8
2026-07-22T10:31:00+02:00,17.9
2026-07-22T10:36:00+02:00,17.9
2026-07-22T10:41:00+02:00,17.9
2026-07-22T10:46:00+02:00,17.9
2026-07-22T10:51:00+02:00,18
2026-07-22T10:56:00+02:00,18.2
2026-07-22T11:01:00+02:00,18.3
2026-07-22T11:06:00+02:00,18.3
2026-07-22T11:11:00+02:00,18.3
2026-07-22T11:16:00+02:00,18.3
2026-07-22T11:21:00+02:00,18.4
2026-07-22T11:26:00+02:00,18.4
2026-07-22T11:31:00+02:00,18.6
2026-07-22T11:36:00+02:00,18.6
2026-07-22T11:41:00+02:00,18.6
2026-07-22T11:46:00+02:00,18.6
2026-07-22T11:51:00+02:00,18.6
2026-07-22T11:56:00+02:00,18.5
2026-07-22T12:01:00+02:00,18.7
2026-07-22T12:06:00+02:00,18.6
2026-07-22T12:11:00+02:00,18.9
2026-07-22T12:16:00+02:00,18.8
2026-07-22T12:21:00+02:00,18.9
2026-07-22T12:26:00+02:00,19
2026-07-22T12:31:00+02:00,19
2026-07-22T12:36:00+02:00,19.1
2026-07-22T12:41:00+02:00,19
2026-07-22T12:46:00+02:00,19
2026-07-22T12:51:00+02:00,19
2026-07-22T12:56:00+02:00,19.3
2026-07-22T13:01:00+02:00,19.2
2026-07-22T13:06:00+02:00,19.1
2026-07-22T13:11:00+02:00,19.2
2026-07-22T13:16:00+02:00,19.2
2026-07-22T13:21:00+02:00,19.4
2026-07-22T13:26:00+02:00,19.3
2026-07-22T13:31:00+02:00,19.4
2026-07-22T13:36:00+02:00,19.6
2026-07-22T13:41:00+02:00,19.8
2026-07-22T13:46:00+02:00,19.8
2026-07-22T13:51:00+02:00,19.7
2026-07-22T13:56:00+02:00,19.9
2026-07-22T14:01:00+02:00,19.8
2026-07-22T14:06:00+02:00,19.7
2026-07-22T14:11:00+02:00,19.7
2026-07-22T14:16:00+02:00,19.8
2026-07-22T14:21:00+02:00,19.7
2026-07-22T14:26:00+02:00,19.7
2026-07-22T14:31:00+02:00,19.7
2026-07-22T14:36:00+02:00,19.8
2026-07-22T14:41:00+02:00,19.8
2026-07-22T14:46:00+02:00,19.8
2026-07-22T14:51:00+02:00,19.9
2026-07-22T14:56:00+02:00,19.9
2026-07-22T15:01:00+02:00,20.1
2026-07-22T15:06:00+02:00,20.1
2026-07-22T15:11:00+02:00,20.3
2026-07-22T15:16:00+02:00,20.3
2026-07-22T15:21:00+02:00,20.3
2026-07-22T15:26:00+02:00,20.4
2026-07-22T15:31:00+02:00,20.8
2026-07-22T15:36:00+02:00,20.4
2026-07-22T15:41:00+02:00,20.7
2026-07-22T15:46:00+02:00,20.7
2026-07-22T15:51:00+02:00,20.7
2026-07-22T15:56:00+02:00,20.5
2026-07-22T16:01:00+02:00,20.5
2026-07-22T16:06:00+02:00,20.6
2026-07-22T16:11:00+02:00,20.6
2026-07-22T16:16:00+02:00,20.6
2026-07-22T16:21:00+02:00,20.6
2026-07-22T16:26:00+02:00,20.8
2026-07-22T16:31:00+02:00,20.8
2026-07-22T16:36:00+02:00,20.9
2026-07-22T16:41:00+02:00,20.9
2026-07-22T16:46:00+02:00,20.9
2026-07-22T16:51:00+02:00,21
2026-07-22T16:56:00+02:00,20.9
2026-07-22T17:01:00+02:00,20.9
2026-07-22T17:06:00+02:00,20.9
2026-07-22T17:11:00+02:00,21
2026-07-22T17:16:00+02:00,21
2026-07-22T17:21:00+02:00,21
2026-07-22T17:26:00+02:00,21
2026-07-22T17:31:00+02:00,21.5
2026-07-22T17:36:00+02:00,21.4
2026-07-22T17:41:00+02:00,21.3
2026-07-22T17:46:00+02:00,21.1
2026-07-22T17:51:00+02:00,21.1
2026-07-22T17:56:00+02:00,21.7
2026-07-22T18:01:00+02:00,21.5
2026-07-22T18:06:00+02:00,21.5
2026-07-22T18:11:00+02:00,21.6
2026-07-22T18:16:00+02:00,21.7
2026-07-22T18:21:00+02:00,22
2026-07-22T18:26:00+02:00,22.1
2026-07-22T18:31:00+02:00,21.8
2026-07-22T18:36:00+02:00,21.9
2026-07-22T18:41:00+02:00,21.9
2026-07-22T18:46:00+02:00,21.8
2026-07-22T18:51:00+02:00,21.7
2026-07-22T18:56:00+02:00,21.6
2026-07-22T19:01:00+02:00,21.6
2026-07-22T19:06:00+02:00,21.6
2026-07-22T19:11:00+02:00,21.8
2026-07-22T19:16:00+02:00,21.8
2026-07-22T19:21:00+02:00,21.7
2026-07-22T19:26:00+02:00,21.7
2026-07-22T19:31:00+02:00,21.6
2026-07-22T19:36:00+02:00,21.6
2026-07-22T19:41:00+02:00,21.6
2026-07-22T19:46:00+02:00,21.6
2026-07-22T19:51:00+02:00,21.7
2026-07-22T19:56:00+02:00,21.7
2026-07-22T20:01:00+02:00,21.7
2026-07-22T20:06:00+02:00,21.7
2026-07-22T20:11:00+02:00,21.9
2026-07-22T20:16:00+02:00,21.8
2026-07-22T20:21:00+02:00,21.6
2026-07-22T20:26:00+02:00,21.6
2026-07-22T20:31:00+02:00,21.5
2026-07-22T20:36:00+02:00,21.4
2026-07-22T20:41:00+02:00,21.3
2026-07-22T20:46:00+02:00,21.2
2026-07-22T20:51:00+02:00,21.1
2026-07-22T20:56:00+02:00,21.1
2026-07-22T21:01:00+02:00,21.1
2026-07-22T21:06:00+02:00,20.9
2026-07-22T21:11:00+02:00,20.9
2026-07-22T21:16:00+02:00,20.9
2026-07-22T21:21:00+02:00,20.8
2026-07-22T21:26:00+02:00,20.8
2026-07-22T21:31:00+02:00,20.8
2026-07-22T21:36:00+02:00,20.7
2026-07-22T21:41:00+02:00,20.6
2026-07-22T21:46:00+02:00,20.6
2026-07-22T21:51:00+02:00,20.6
2026-07-22T21:56:00+02:00,20.6
2026-07-22T22:01:00+02:00,20.6
2026-07-22T22:06:00+02:00,20.4
2026-07-22T22:11:00+02:00,20.4
2026-07-22T22:16:00+02:00,20.4
2026-07-22T22:21:00+02:00,20.3
2026-07-22T22:26:00+02:00,20.1
2026-07-22T22:31:00+02:00,20
2026-07-22T22:36:00+02:00,19.9
2026-07-22T22:41:00+02:00,19.9
2026-07-22T22:46:00+02:00,19.9
2026-07-22T22:51:00+02:00,19.8
2026-07-22T22:56:00+02:00,19.8
2026-07-22T23:01:00+02:00,19.6
2026-07-22T23:06:00+02:00,19.5
2026-07-22T23:11:00+02:00,19.6
2026-07-22T23:16:00+02:00,19.4
2026-07-22T23:21:00+02:00,19.1
2026-07-22T23:26:00+02:00,19.1
2026-07-22T23:31:00+02:00,19.1
2026-07-22T23:36:00+02:00,18.9
2026-07-22T23:41:00+02:00,18.9
2026-07-22T23:46:00+02:00,18.8
2026-07-22T23:51:00+02:00,18.7
2026-07-22T23:56:00+02:00,18.7
2026-07-23T00:01:00+02:00,18.8
2026-07-23T00:06:00+02:00,18.8
2026-07-23T00:11:00+02:00,18.9
2026-07-23T00:16:00+02:00,18.7
2026-07-23T00:21:00+02:00,18.7
2026-07-23T00:26:00+02:00,18.5
2026-07-23T00:31:00+02:00,18.5
2026-07-23T00:36:00+02:00,18.4
2026-07-23T00:41:00+02:00,18.4
2026-07-23T00:46:00+02:00,18.4
2026-07-23T00:51:00+02:00,18.2
2026-07-23T00:56:00+02:00,18.1
2026-07-23T01:01:00+02:00,18.1
2026-07-23T01:06:00+02:00,18.1
2026-07-23T01:11:00+02:00,18.3
2026-07-23T01:16:00+02:00,18.3
2026-07-23T01:21:00+02:00,18.4
2026-07-23T01:26:00+02:00,18.3
2026-07-23T01:31:00+02:00,18.3
2026-07-23T01:36:00+02:00,18.3
2026-07-23T01:41:00+02:00,18.3
2026-07-23T01:46:00+02:00,18.2
2026-07-23T01:51:00+02:00,18.3
2026-07-23T01:56:00+02:00,18.3
2026-07-23T02:01:00+02:00,18.3
2026-07-23T02:06:00+02:00,18.1
2026-07-23T02:11:00+02:00,18.1
2026-07-23T02:16:00+02:00,18.1
2026-07-23T02:21:00+02:00,18.2
2026-07-23T02:26:00+02:00,18.1
2026-07-23T02:31:00+02:00,18.2
2026-07-23T02:36:00+02:00,18.1
2026-07-23T02:41:00+02:00,18.1
2026-07-23T02:46:00+02:00,18.1
2026-07-23T02:51:00+02:00,18.1
2026-07-23T02:56:00+02:00,18
2026-07-23T03:01:00+02:00,18
2026-07-23T03:06:00+02:00,18
2026-07-23T03:11:00+02:00,17.9
2026-07-23T03:16:00+02:00,17.9
2026-07-23T03:21:00+02:00,18
2026-07-23T03:26:00+02:00,18
2026-07-23T03:31:00+02:00,17.9
2026-07-23T03:36:00+02:00,17.9
2026-07-23T03:41:00+02:00,17.9
